time (time),v(vdd) (voltage),v(clk) (voltage),v(sig) (voltage),v(en) (voltage),v(rst) (voltage),v(out) (voltage)
0.0,0.8,0.0,0.0,0.0,0.0,3.624257e-07
1e-13,0.8,0.0008,0.0,0.0008,0.0,3.230185e-05
2e-13,0.8,0.0016,0.0,0.0016,0.0,6.709331e-05
4e-13,0.8,0.0032,0.0,0.0032,0.0,0.000136632
8e-13,0.8,0.0064,0.0,0.0064,0.0,0.0002746355
1.6e-12,0.8,0.0128,0.0,0.0128,0.0,0.0005491266
3.2e-12,0.8,0.0256,0.0,0.0256,0.0,0.001088333
6.4e-12,0.8,0.0512,0.0,0.0512,0.0,0.002140299
1.28e-11,0.8,0.1024,0.0,0.1024,0.0,0.004110728
2.56e-11,0.8,0.2048,0.0,0.2048,0.0,0.007795164
5.12e-11,0.8,0.4096,0.0,0.4096,0.0,0.01208192
1e-10,0.8,0.8,0.0,0.8,0.0,-0.002525326
1.0512e-10,0.8,0.8,0.0,0.8,0.0,-0.0071159
1.1536e-10,0.8,0.8,0.0,0.8,0.0,-0.0144168
1.3584e-10,0.8,0.8,0.0,0.8,0.0,-0.01990526
1.768e-10,0.8,0.8,0.0,0.8,0.0,-0.0110355
2.5872e-10,0.8,0.8,0.0,0.8,0.0,0.001082747
4.2256e-10,0.8,0.8,0.0,0.8,0.0,-0.000308638
6.288827e-10,0.8,0.8,0.0,0.8,0.0,8.494697e-05
1.041528e-09,0.8,0.8,0.0,0.8,0.0,-3.716314e-05
1.866819e-09,0.8,0.8,0.0,0.8,0.0,2.026415e-05
3.5174e-09,0.8,0.8,0.0,0.8,0.0,-1.227804e-05
5.1e-09,0.8,0.8,0.0,0.8,0.0,6.2473e-06
5.11e-09,0.8,0.72,0.0,0.8,0.0,-4.334907e-05
5.13e-09,0.8,0.56,0.0,0.8,0.0,-0.0001182101
5.17e-09,0.8,0.24,0.0,0.8,0.0,-0.0001406331
5.2e-09,0.8,0.0,0.0,0.8,0.0,-0.0001102698
5.208e-09,0.8,0.0,0.0,0.8,0.0,-5.061408e-05
5.224e-09,0.8,0.0,0.0,0.8,0.0,3.656684e-05
5.256e-09,0.8,0.0,0.0,0.8,0.0,9.791428e-05
5.32e-09,0.8,0.0,0.0,0.8,0.0,9.873326e-05
5.448e-09,0.8,0.0,0.0,0.8,0.0,7.018785e-05
5.704e-09,0.8,0.0,0.0,0.8,0.0,-4.566209e-05
6.216e-09,0.8,0.0,0.0,0.8,0.0,-3.775514e-07
7e-09,0.8,0.0,0.0,0.8,0.0,1.264505e-05
7.01e-09,0.8,0.0,0.08,0.8,0.0,0.006294844
7.03e-09,0.8,0.0,0.24,0.8,0.0,0.01669957
7.07e-09,0.8,0.0,0.56,0.8,0.0,0.02635027
7.1e-09,0.8,0.0,0.8,0.8,0.0,0.02713725
7.108e-09,0.8,0.0,0.8,0.8,0.0,0.02348661
7.124e-09,0.8,0.0,0.8,0.8,0.0,0.01742012
7.156e-09,0.8,0.0,0.8,0.8,0.0,0.01033679
7.22e-09,0.8,0.0,0.8,0.8,0.0,0.004890354
7.348e-09,0.8,0.0,0.8,0.8,0.0,0.002886099
7.604e-09,0.8,0.0,0.8,0.8,0.0,0.002942065
7.911024e-09,0.8,0.0,0.8,0.8,0.0,0.002095104
8.525071e-09,0.8,0.0,0.8,0.8,0.0,0.000564059
9.13199e-09,0.8,0.0,0.8,0.8,0.0,0.000538361
1e-08,0.8,0.0,0.8,0.8,0.0,0.0002253245
1.001e-08,0.8,0.08,0.8,0.8,0.0,0.0002702394
1.003e-08,0.8,0.24,0.8,0.8,0.0,0.0003887179
1.007e-08,0.8,0.56,0.8,0.8,0.0,0.0006517396
1.01e-08,0.8,0.8,0.8,0.8,0.0,0.0008085962
1.0108e-08,0.8,0.8,0.8,0.8,0.0,0.0007550803
1.0124e-08,0.8,0.8,0.8,0.8,0.0,0.0006352927
1.0156e-08,0.8,0.8,0.8,0.8,0.0,0.0002825972
1.022e-08,0.8,0.8,0.8,0.8,0.0,-0.001169269
1.0348e-08,0.8,0.8,0.8,0.8,0.0,-0.005378901
1.0604e-08,0.8,0.8,0.8,0.8,0.0,0.05148994
1.087767e-08,0.8,0.8,0.8,0.8,0.0,0.3940024
1.142502e-08,0.8,0.8,0.8,0.8,0.0,0.8071351
1.229857e-08,0.8,0.8,0.8,0.8,0.0,0.7956125
1.32991e-08,0.8,0.8,0.8,0.8,0.0,0.8028427
1.503278e-08,0.8,0.8,0.8,0.8,0.0,0.7976187
1.51e-08,0.8,0.8,0.8,0.8,0.0,0.7991861
1.511e-08,0.8,0.72,0.8,0.8,0.0,0.7991964
1.513e-08,0.8,0.56,0.8,0.8,0.0,0.799199
1.517e-08,0.8,0.24,0.8,0.8,0.0,0.799223
1.52e-08,0.8,0.0,0.8,0.8,0.0,0.7993407
1.5208e-08,0.8,0.0,0.8,0.8,0.0,0.7994487
1.5224e-08,0.8,0.0,0.8,0.8,0.0,0.7996237
1.5256e-08,0.8,0.0,0.8,0.8,0.0,0.7998027
1.532e-08,0.8,0.0,0.8,0.8,0.0,0.7998942
1.5448e-08,0.8,0.0,0.8,0.8,0.0,0.7998871
1.5704e-08,0.8,0.0,0.8,0.8,0.0,0.799885
1.6216e-08,0.8,0.0,0.8,0.8,0.0,0.7999266
1.724e-08,0.8,0.0,0.8,0.8,0.0,0.7999297
1.865422e-08,0.8,0.0,0.8,0.8,0.0,0.7999217
2e-08,0.8,0.0,0.8,0.8,0.0,0.7999297
2.001e-08,0.8,0.08,0.8,0.8,0.08,0.8000269
2.003e-08,0.8,0.24,0.8,0.8,0.24,0.8001655
2.007e-08,0.8,0.56,0.8,0.8,0.56,0.8001142
2.01e-08,0.8,0.8,0.8,0.8,0.8,0.7997411
2.0108e-08,0.8,0.8,0.8,0.8,0.8,0.7996284
2.0124e-08,0.8,0.8,0.8,0.8,0.8,0.7994947
2.0156e-08,0.8,0.8,0.8,0.8,0.8,0.799618
2.022e-08,0.8,0.8,0.8,0.8,0.8,0.8000938
2.0348e-08,0.8,0.8,0.8,0.8,0.8,0.8001907
2.057986e-08,0.8,0.8,0.8,0.8,0.8,0.7999582
2.086671e-08,0.8,0.8,0.8,0.8,0.8,0.7998558
2.139042e-08,0.8,0.8,0.8,0.8,0.8,0.7998551
2.217782e-08,0.8,0.8,0.8,0.8,0.8,0.7999382
2.299994e-08,0.8,0.8,0.8,0.8,0.8,0.7999297
2.464416e-08,0.8,0.8,0.8,0.8,0.8,0.7999188
2.51e-08,0.8,0.8,0.8,0.8,0.8,0.7999349
2.511e-08,0.8,0.72,0.8,0.8,0.8,0.799895
2.513e-08,0.8,0.56,0.8,0.8,0.8,0.7998052
2.517e-08,0.8,0.24,0.8,0.8,0.8,0.7996899
2.52e-08,0.8,0.0,0.8,0.8,0.8,0.7997276
2.5208e-08,0.8,0.0,0.8,0.8,0.8,0.7998165
2.5224e-08,0.8,0.0,0.8,0.8,0.8,0.7999556
2.5256e-08,0.8,0.0,0.8,0.8,0.8,0.8000797
2.532e-08,0.8,0.0,0.8,0.8,0.8,0.8000815
2.5448e-08,0.8,0.0,0.8,0.8,0.8,0.7999591
2.5704e-08,0.8,0.0,0.8,0.8,0.8,0.799884
2.6216e-08,0.8,0.0,0.8,0.8,0.8,0.7999309
2.70668e-08,0.8,0.0,0.8,0.8,0.8,0.7999266
2.71e-08,0.8,0.0,0.8,0.8,0.8,0.7999268
2.711e-08,0.8,0.0,0.72,0.8,0.8,0.7948409
2.713e-08,0.8,0.0,0.56,0.8,0.8,0.7851154
2.717e-08,0.8,0.0,0.24,0.8,0.8,0.7639003
2.72e-08,0.8,0.0,0.0,0.8,0.8,0.743464
2.7208e-08,0.8,0.0,0.0,0.8,0.8,0.7413618
2.7224e-08,0.8,0.0,0.0,0.8,0.8,0.737962
2.7256e-08,0.8,0.0,0.0,0.8,0.8,0.7355133
2.732e-08,0.8,0.0,0.0,0.8,0.8,0.7438534
2.7448e-08,0.8,0.0,0.0,0.8,0.8,0.7713955
2.7704e-08,0.8,0.0,0.0,0.8,0.8,0.7955889
2.816104e-08,0.8,0.0,0.0,0.8,0.8,0.8001869
2.907512e-08,0.8,0.0,0.0,0.8,0.8,0.7997561
3e-08,0.8,0.0,0.0,0.8,0.8,0.7997704
3.001e-08,0.8,0.08,0.0,0.8,0.8,0.7998855
3.003e-08,0.8,0.24,0.0,0.8,0.8,0.8000412
3.007e-08,0.8,0.56,0.0,0.8,0.8,0.799836
3.01e-08,0.8,0.8,0.0,0.8,0.8,0.799122
3.0108e-08,0.8,0.8,0.0,0.8,0.8,0.7989276
3.0124e-08,0.8,0.8,0.0,0.8,0.8,0.7986396
3.0156e-08,0.8,0.8,0.0,0.8,0.8,0.7985548
3.022e-08,0.8,0.8,0.0,0.8,0.8,0.7997481
3.0348e-08,0.8,0.8,0.0,0.8,0.8,0.8065722
3.060042e-08,0.8,0.8,0.0,0.8,0.8,0.7033354
3.088961e-08,0.8,0.8,0.0,0.8,0.8,0.1306516
3.146801e-08,0.8,0.8,0.0,0.8,0.8,-0.05580383
3.208158e-08,0.8,0.8,0.0,0.8,0.8,0.0473953
3.329088e-08,0.8,0.8,0.0,0.8,0.8,-0.0404722
3.456142e-08,0.8,0.8,0.0,0.8,0.8,0.03770326
3.51e-08,0.8,0.8,0.0,0.8,0.8,-0.02842167
3.511e-08,0.8,0.72,0.0,0.8,0.8,-0.02161176
3.513e-08,0.8,0.56,0.0,0.8,0.8,-0.01128498
3.517e-08,0.8,0.24,0.0,0.8,0.8,-0.002687734
3.52e-08,0.8,0.0,0.0,0.8,0.8,-0.001045442
3.5208e-08,0.8,0.0,0.0,0.8,0.8,-0.000807431
3.5224e-08,0.8,0.0,0.0,0.8,0.8,-0.0004309392
3.5256e-08,0.8,0.0,0.0,0.8,0.8,-6.745502e-05
3.532e-08,0.8,0.0,0.0,0.8,0.8,9.669414e-05
3.5448e-08,0.8,0.0,0.0,0.8,0.8,6.896611e-05
3.5704e-08,0.8,0.0,0.0,0.8,0.8,-4.706224e-05
3.6216e-08,0.8,0.0,0.0,0.8,0.8,1.338044e-06
3.7e-08,0.8,0.0,0.0,0.8,0.8,1.09786e-05
3.701e-08,0.8,0.0,0.08,0.8,0.8,0.006115966
3.703e-08,0.8,0.0,0.24,0.8,0.8,0.01618863
3.707e-08,0.8,0.0,0.56,0.8,0.8,0.02537235
3.71e-08,0.8,0.0,0.8,0.8,0.8,0.02612824
3.7108e-08,0.8,0.0,0.8,0.8,0.8,0.02260528
3.7124e-08,0.8,0.0,0.8,0.8,0.8,0.0167687
3.7156e-08,0.8,0.0,0.8,0.8,0.8,0.00998757
3.722e-08,0.8,0.0,0.8,0.8,0.8,0.004757722
3.7348e-08,0.8,0.0,0.8,0.8,0.8,0.002510898
3.7604e-08,0.8,0.0,0.8,0.8,0.8,0.001080149
3.8116e-08,0.8,0.0,0.8,0.8,0.8,7.519709e-05
3.914e-08,0.8,0.0,0.8,0.8,0.8,0.0002961092
4e-08,0.8,0.0,0.8,0.8,0.8,0.0001029339
4.001e-08,0.8,0.08,0.8,0.8,0.8,0.0001547368
4.003e-08,0.8,0.24,0.8,0.8,0.8,0.0002492539
4.007e-08,0.8,0.56,0.8,0.8,0.8,0.000256035
4.01e-08,0.8,0.8,0.8,0.8,0.8,9.259462e-05
4.0108e-08,0.8,0.8,0.8,0.8,0.8,1.229978e-05
4.0124e-08,0.8,0.8,0.8,0.8,0.8,-8.318652e-05
4.0156e-08,0.8,0.8,0.8,0.8,0.8,-2.07076e-05
4.022e-08,0.8,0.8,0.8,0.8,0.8,0.0002416997
4.0348e-08,0.8,0.8,0.8,0.8,0.8,0.0002028817
4.058895e-08,0.8,0.8,0.8,0.8,0.8,0.0002116929
4.087241e-08,0.8,0.8,0.8,0.8,0.8,0.0001220141
4.143933e-08,0.8,0.8,0.8,0.8,0.8,0.0001743597
4.257318e-08,0.8,0.8,0.8,0.8,0.8,0.0001127074
4.484088e-08,0.8,0.8,0.8,0.8,0.8,0.0001396766
4.51e-08,0.8,0.8,0.8,0.8,0.8,0.0001046399
4.511e-08,0.8,0.72,0.8,0.8,0.8,4.635302e-05
4.513e-08,0.8,0.56,0.8,0.8,0.8,-2.809913e-05
4.517e-08,0.8,0.24,0.8,0.8,0.8,-4.559254e-05
4.52e-08,0.8,0.0,0.8,0.8,0.8,-2.974662e-06
4.5208e-08,0.8,0.0,0.8,0.8,0.8,5.225285e-05
4.5224e-08,0.8,0.0,0.8,0.8,0.8,0.0001351919
4.5256e-08,0.8,0.0,0.8,0.8,0.8,0.0002114081
4.532e-08,0.8,0.0,0.8,0.8,0.8,0.0002210087
4.5448e-08,0.8,0.0,0.8,0.8,0.8,0.0001829341
4.5704e-08,0.8,0.0,0.8,0.8,0.8,7.533774e-05
4.6216e-08,0.8,0.0,0.8,0.8,0.8,0.0001052292
4.724e-08,0.8,0.0,0.8,0.8,0.8,0.000121945
4.865536e-08,0.8,0.0,0.8,0.8,0.8,8.495246e-05
5e-08,0.8,0.0,0.8,0.8,0.8,0.0001126489
5.001e-08,0.8,0.08,0.8,0.8,0.8,0.0001573799
5.003e-08,0.8,0.24,0.8,0.8,0.8,0.0002252453
5.007e-08,0.8,0.56,0.8,0.8,0.8,0.0002041125
5.01e-08,0.8,0.8,0.8,0.8,0.8,3.216634e-05
5.0108e-08,0.8,0.8,0.8,0.8,0.736,-5.612519e-05
5.0124e-08,0.8,0.8,0.8,0.8,0.608,-0.0001572277
5.0156e-08,0.8,0.8,0.8,0.8,0.352,-8.793114e-05
5.02e-08,0.8,0.8,0.8,0.8,0.0,0.0001368248
5.02064e-08,0.8,0.8,0.8,0.8,0.0,0.0001559668
5.02192e-08,0.8,0.8,0.8,0.8,0.0,0.0001842674
5.02448e-08,0.8,0.8,0.8,0.8,0.0,0.000195427
5.0296e-08,0.8,0.8,0.8,0.8,0.0,0.0001663589
5.03984e-08,0.8,0.8,0.8,0.8,0.0,0.0001244886
5.06032e-08,0.8,0.8,0.8,0.8,0.0,1.890709e-05
5.10128e-08,0.8,0.8,0.8,0.8,0.0,5.372335e-05
5.149772e-08,0.8,0.8,0.8,0.8,0.0,0.0002379083
5.238698e-08,0.8,0.8,0.8,0.8,0.0,-5.741622e-05
5.3329e-08,0.8,0.8,0.8,0.8,0.0,0.0002376473
5.481436e-08,0.8,0.8,0.8,0.8,0.0,-5.498844e-05
5.51e-08,0.8,0.8,0.8,0.8,0.0,0.0001943923
5.511e-08,0.8,0.72,0.8,0.8,0.0,0.0001219033
5.513e-08,0.8,0.56,0.8,0.8,0.0,9.575626e-06
5.517e-08,0.8,0.24,0.8,0.8,0.0,-6.686262e-05
5.52e-08,0.8,0.0,0.8,0.8,0.0,-3.44199e-05
5.5208e-08,0.8,0.0,0.8,0.8,0.0,2.198144e-05
5.5224e-08,0.8,0.0,0.8,0.8,0.0,0.0001039782
5.5256e-08,0.8,0.0,0.8,0.8,0.0,0.0001789224
5.532e-08,0.8,0.0,0.8,0.8,0.0,0.0001846952
5.5448e-08,0.8,0.0,0.8,0.8,0.0,0.0001530334
5.5704e-08,0.8,0.0,0.8,0.8,0.0,5.276185e-05
5.6216e-08,0.8,0.0,0.8,0.8,0.0,7.517403e-05
5.685576e-08,0.8,0.0,0.8,0.8,0.0,0.0001055487
5.71e-08,0.8,0.0,0.8,0.8,0.0,7.070932e-05
5.711e-08,0.8,0.0,0.72,0.8,0.0,-0.004861627
5.713e-08,0.8,0.0,0.56,0.8,0.0,-0.01235916
5.717e-08,0.8,0.0,0.24,0.8,0.0,-0.02196863
5.72e-08,0.8,0.0,0.0,0.8,0.0,-0.02978286
5.7208e-08,0.8,0.0,0.0,0.8,0.0,-0.02801496
5.7224e-08,0.8,0.0,0.0,0.8,0.0,-0.02458509
5.7256e-08,0.8,0.0,0.0,0.8,0.0,-0.01830222
5.732e-08,0.8,0.0,0.0,0.8,0.0,-0.007820183
5.7448e-08,0.8,0.0,0.0,0.8,0.0,0.001278947
5.7704e-08,0.8,0.0,0.0,0.8,0.0,-0.0005480822
5.814624e-08,0.8,0.0,0.0,0.8,0.0,0.0003154888
5.867245e-08,0.8,0.0,0.0,0.8,0.0,-0.0002118727
5.972485e-08,0.8,0.0,0.0,0.8,0.0,0.0001693899
6e-08,0.8,0.0,0.0,0.8,0.0,-5.494088e-05
6.001e-08,0.8,0.08,0.0,0.8,0.0,-2.421794e-05
6.003e-08,0.8,0.24,0.0,0.8,0.0,4.985372e-05
6.007e-08,0.8,0.56,0.0,0.8,0.0,6.654252e-05
6.01e-08,0.8,0.8,0.0,0.8,0.0,-9.269453e-05
6.0108e-08,0.8,0.8,0.0,0.8,0.0,-0.0001745424
6.0124e-08,0.8,0.8,0.0,0.8,0.0,-0.0002654305
6.0156e-08,0.8,0.8,0.0,0.8,0.0,-0.0001894356
6.022e-08,0.8,0.8,0.0,0.8,0.0,8.876062e-05
6.0348e-08,0.8,0.8,0.0,0.8,0.0,3.612618e-05
6.058923e-08,0.8,0.8,0.0,0.8,0.0,-2.426085e-05
6.087309e-08,0.8,0.8,0.0,0.8,0.0,1.312294e-05
6.14408e-08,0.8,0.8,0.0,0.8,0.0,-1.068894e-05
6.257623e-08,0.8,0.8,0.0,0.8,0.0,1.055451e-05
6.484708e-08,0.8,0.8,0.0,0.8,0.0,-9.401775e-06
6.51e-08,0.8,0.8,0.0,0.8,0.0,6.84472e-06
6.511e-08,0.8,0.72,0.0,0.8,0.0,-6.056565e-05
6.513e-08,0.8,0.56,0.0,0.8,0.0,-0.0001453275
6.517e-08,0.8,0.24,0.0,0.8,0.0,-0.0001625741
6.52e-08,0.8,5.251355e-14,0.0,0.8,0.0,-0.0001186426
6.5208e-08,0.8,0.0,0.0,0.8,0.0,-5.948848e-05
6.5224e-08,0.8,0.0,0.0,0.8,0.0,2.796695e-05
6.5256e-08,0.8,0.0,0.0,0.8,0.0,9.371035e-05
6.532e-08,0.8,0.0,0.0,0.8,0.0,0.0001055949
6.5448e-08,0.8,0.0,0.0,0.8,0.0,6.845591e-05
6.5704e-08,0.8,0.0,0.0,0.8,0.0,-4.60722e-05
6.61e-08,0.8,0.0,0.0,0.8,0.0,-7.494104e-06
6.611e-08,0.8,0.0,0.0,0.72,0.0,-0.001833262
6.613e-08,0.8,0.0,0.0,0.56,0.0,-0.004364005
6.617e-08,0.8,0.0,0.0,0.24,0.0,-0.006490601
6.62e-08,0.8,0.0,0.0,0.0,0.0,-0.007310564
6.6208e-08,0.8,0.0,0.0,0.0,0.0,-0.0052802
6.6224e-08,0.8,0.0,0.0,0.0,0.0,-0.001994398
6.6256e-08,0.8,0.0,0.0,0.0,0.0,0.001236605
6.632e-08,0.8,0.0,0.0,0.0,0.0,0.002989728
6.6448e-08,0.8,0.0,0.0,0.0,0.0,0.006345144
6.6704e-08,0.8,0.0,0.0,0.0,0.0,0.005589923
6.7e-08,0.8,0.0,0.0,0.0,0.0,9.045828e-05
6.701e-08,0.8,0.0,0.08,0.0,0.0,0.004642632
6.703e-08,0.8,0.0,0.24,0.0,0.0,0.0126862
6.707e-08,0.8,0.0,0.56,0.0,0.0,0.02390414
6.71e-08,0.8,0.0,0.8,0.0,0.0,0.02899237
6.7108e-08,0.8,0.0,0.8,0.0,0.0,0.02630891
6.7124e-08,0.8,0.0,0.8,0.0,0.0,0.02139554
6.7156e-08,0.8,0.0,0.8,0.0,0.0,0.0140556
6.722e-08,0.8,0.0,0.8,0.0,0.0,0.005779736
6.7348e-08,0.8,0.0,0.8,0.0,0.0,0.0005463988
6.7604e-08,0.8,0.0,0.8,0.0,0.0,-8.001415e-05
6.8116e-08,0.8,0.0,0.8,0.0,0.0,7.718381e-05
6.914e-08,0.8,0.0,0.8,0.0,0.0,-2.731508e-05
7e-08,0.8,0.0,0.8,0.0,0.0,5.052062e-05
7.001e-08,0.8,0.08,0.8,0.0,0.0,8.05027e-05
7.003e-08,0.8,0.24,0.8,0.0,0.0,0.0001357674
7.007e-08,0.8,0.56,0.8,0.0,0.0,0.0001100946
7.01e-08,0.8,0.8,0.8,0.0,0.0,-2.941612e-05
7.0108e-08,0.8,0.8,0.8,0.0,0.0,-9.664664e-05
7.0124e-08,0.8,0.8,0.8,0.0,0.0,-0.0001702306
7.0156e-08,0.8,0.8,0.8,0.0,0.0,-0.0001201225
7.022e-08,0.8,0.8,0.8,0.0,0.0,6.83112e-05
7.0348e-08,0.8,0.8,0.8,0.0,0.0,4.279395e-05
7.058895e-08,0.8,0.8,0.8,0.0,0.0,9.919673e-06
7.087241e-08,0.8,0.8,0.8,0.0,0.0,1.533032e-05
7.143934e-08,0.8,0.8,0.8,0.0,0.0,1.846249e-05
7.257319e-08,0.8,0.8,0.8,0.0,0.0,1.821166e-05
7.484088e-08,0.8,0.8,0.8,0.0,0.0,1.739168e-05
7.51e-08,0.8,0.8,0.8,0.0,0.0,1.512354e-05
7.511e-08,0.8,0.72,0.8,0.0,0.0,-3.685321e-05
7.513e-08,0.8,0.56,0.8,0.0,0.0,-9.980885e-05
7.517e-08,0.8,0.24,0.8,0.0,0.0,-0.000114298
7.52e-08,0.8,5.251355e-14,0.8,0.0,0.0,-8.82106e-05
7.5208e-08,0.8,0.0,0.8,0.0,0.0,-4.089644e-05
7.5224e-08,0.8,0.0,0.8,0.0,0.0,2.542465e-05
7.5256e-08,0.8,0.0,0.8,0.0,0.0,7.462995e-05
7.532e-08,0.8,0.0,0.8,0.0,0.0,9.722901e-05
7.5448e-08,0.8,0.0,0.8,0.0,0.0,8.756086e-05
7.5704e-08,0.8,0.0,0.8,0.0,0.0,-1.606686e-05
7.6216e-08,0.8,0.0,0.8,0.0,0.0,8.177472e-06
7.724e-08,0.8,0.0,0.8,0.0,0.0,3.238076e-05
7.865536e-08,0.8,0.0,0.8,0.0,0.0,1.999632e-06
8e-08,0.8,0.0,0.8,0.0,0.0,3.086149e-05
8.001e-08,0.8,0.08,0.8,0.08,0.0,0.003411785
8.003e-08,0.8,0.24,0.8,0.24,0.0,0.01129095
8.007e-08,0.8,0.56,0.8,0.56,0.0,0.03119134
8.01e-08,0.8,0.8,0.8,0.8,0.0,0.0414566
8.0108e-08,0.8,0.8,0.8,0.8,0.0,0.03890615
8.0124e-08,0.8,0.8,0.8,0.8,0.0,0.02959083
8.0156e-08,0.8,0.8,0.8,0.8,0.0,0.0112098
8.022e-08,0.8,0.8,0.8,0.8,0.0,0.004342399
8.0348e-08,0.8,0.8,0.8,0.8,0.0,0.004454948
8.058923e-08,0.8,0.8,0.8,0.8,0.0,0.0005876056
8.087308e-08,0.8,0.8,0.8,0.8,0.0,0.0009025132
8.135099e-08,0.8,0.8,0.8,0.8,0.0,-0.0002797172
8.193373e-08,0.8,0.8,0.8,0.8,0.0,0.0003390889
8.291973e-08,0.8,0.8,0.8,0.8,0.0,-0.0001306636
8.393612e-08,0.8,0.8,0.8,0.8,0.0,0.0002612498
8.51e-08,0.8,0.8,0.8,0.8,0.0,-7.599108e-05
8.511e-08,0.8,0.72,0.8,0.8,0.0,-9.92825e-05
8.513e-08,0.8,0.56,0.8,0.8,0.0,-0.0001231115
8.517e-08,0.8,0.24,0.8,0.8,0.0,-0.0001040474
8.52e-08,0.8,5.251355e-14,0.8,0.8,0.0,-5.147978e-05
8.5208e-08,0.8,0.0,0.8,0.8,0.0,7.556237e-06
8.5224e-08,0.8,0.0,0.8,0.8,0.0,9.39055e-05
8.5256e-08,0.8,0.0,0.8,0.8,0.0,0.000162973
8.532e-08,0.8,0.0,0.8,0.8,0.0,0.0001749954
8.5448e-08,0.8,0.0,0.8,0.8,0.0,0.0001458805
8.5704e-08,0.8,0.0,0.8,0.8,0.0,4.523364e-05
8.6216e-08,0.8,0.0,0.8,0.8,0.0,6.837553e-05
8.685603e-08,0.8,0.0,0.8,0.8,0.0,9.931753e-05
8.71e-08,0.8,0.0,0.8,0.8,0.0,6.350176e-05
8.711e-08,0.8,0.0,0.72,0.8,0.0,-0.004863993
8.713e-08,0.8,0.0,0.56,0.8,0.0,-0.01235204
8.717e-08,0.8,0.0,0.24,0.8,0.0,-0.02192062
8.72e-08,0.8,0.0,4.574119e-14,0.8,0.0,-0.02971802
8.7208e-08,0.8,0.0,0.0,0.8,0.0,-0.02795109
8.7224e-08,0.8,0.0,0.0,0.8,0.0,-0.02451431
8.7256e-08,0.8,0.0,0.0,0.8,0.0,-0.01826469
8.732e-08,0.8,0.0,0.0,0.8,0.0,-0.007824827
8.7448e-08,0.8,0.0,0.0,0.8,0.0,0.001273238
8.7704e-08,0.8,0.0,0.0,0.8,0.0,-0.0005439083
8.814593e-08,0.8,0.0,0.0,0.8,0.0,0.0003119283
8.867231e-08,0.8,0.0,0.0,0.8,0.0,-0.0002089497
8.972507e-08,0.8,0.0,0.0,0.8,0.0,0.0001667341
9e-08,0.8,0.0,0.0,0.8,0.0,-5.303934e-05
9.001e-08,0.8,0.08,0.0,0.8,0.0,-2.269185e-05
9.003e-08,0.8,0.24,0.0,0.8,0.0,5.067559e-05
9.007e-08,0.8,0.56,0.0,0.8,0.0,6.659812e-05
9.01e-08,0.8,0.8,0.0,0.8,0.0,-9.277237e-05
9.0108e-08,0.8,0.8,0.0,0.8,0.0,-0.000174552
9.0124e-08,0.8,0.8,0.0,0.8,0.0,-0.0002654006
9.0156e-08,0.8,0.8,0.0,0.8,0.0,-0.0001894779
9.022e-08,0.8,0.8,0.0,0.8,0.0,8.870533e-05
9.0348e-08,0.8,0.8,0.0,0.8,0.0,3.612638e-05
9.058923e-08,0.8,0.8,0.0,0.8,0.0,-2.428179e-05
9.087309e-08,0.8,0.8,0.0,0.8,0.0,1.312301e-05
9.14408e-08,0.8,0.8,0.0,0.8,0.0,-1.068284e-05
9.257623e-08,0.8,0.8,0.0,0.8,0.0,1.054565e-05
9.484709e-08,0.8,0.8,0.0,0.8,0.0,-9.39175e-06
9.51e-08,0.8,0.8,0.0,0.8,0.0,6.829791e-06
9.511e-08,0.8,0.72,0.0,0.8,0.0,-6.057206e-05
9.513e-08,0.8,0.56,0.0,0.8,0.0,-0.0001453291
9.517e-08,0.8,0.24,0.0,0.8,0.0,-0.0001625861
9.52e-08,0.8,5.251355e-14,0.0,0.8,0.0,-0.0001186391
9.5208e-08,0.8,0.0,0.0,0.8,0.0,-5.946044e-05
9.5224e-08,0.8,0.0,0.0,0.8,0.0,2.801631e-05
9.5256e-08,0.8,0.0,0.0,0.8,0.0,9.374043e-05
9.532e-08,0.8,0.0,0.0,0.8,0.0,0.0001055892
9.5448e-08,0.8,0.0,0.0,0.8,0.0,6.845202e-05
9.5704e-08,0.8,0.0,0.0,0.8,0.0,-4.608031e-05
9.6216e-08,0.8,0.0,0.0,0.8,0.0,5.349914e-07
9.7e-08,0.8,0.0,0.0,0.8,0.0,1.150574e-05
9.701e-08,0.8,0.0,0.08,0.8,0.0,0.006035446
9.703e-08,0.8,0.0,0.24,0.8,0.0,0.0159686
9.707e-08,0.8,0.0,0.56,0.8,0.0,0.02490385
9.71e-08,0.8,0.0,0.8,0.8,0.0,0.02565149
9.7108e-08,0.8,0.0,0.8,0.8,0.0,0.02216525
9.7124e-08,0.8,0.0,0.8,0.8,0.0,0.01639046
9.7156e-08,0.8,0.0,0.8,0.8,0.0,0.009692679
9.722e-08,0.8,0.0,0.8,0.8,0.0,0.004578197
9.7348e-08,0.8,0.0,0.8,0.8,0.0,0.002369109
9.7604e-08,0.8,0.0,0.8,0.8,0.0,0.001013493
9.79215e-08,0.8,0.0,0.8,0.8,0.0,0.0002787926
9.855651e-08,0.8,0.0,0.8,0.8,0.0,2.972471e-06
9.916785e-08,0.8,0.0,0.8,0.8,0.0,0.0001120467
1e-07,0.8,0.0,0.8,0.8,0.0,5.501869e-05
1.0001e-07,0.8,0.08,0.8,0.8,0.0,8.911307e-05
1.0003e-07,0.8,0.24,0.8,0.8,0.0,0.0001976269
1.0007e-07,0.8,0.56,0.8,0.8,0.0,0.0004419282
1.001e-07,0.8,0.8,0.8,0.8,0.0,0.0005974038
1.00108e-07,0.8,0.8,0.8,0.8,0.0,0.0005461499
1.00124e-07,0.8,0.8,0.8,0.8,0.0,0.0004289238
1.00156e-07,0.8,0.8,0.8,0.8,0.0,6.844551e-05
1.0022e-07,0.8,0.8,0.8,0.8,0.0,-0.001390644
1.00348e-07,0.8,0.8,0.8,0.8,0.0,-0.005614674
1.00604e-07,0.8,0.8,0.8,0.8,0.0,0.05052921
1.008777e-07,0.8,0.8,0.8,0.8,0.0,0.3933261
1.014252e-07,0.8,0.8,0.8,0.8,0.0,0.8073752
1.022995e-07,0.8,0.8,0.8,0.8,0.0,0.795507
1.032999e-07,0.8,0.8,0.8,0.8,0.0,0.8028952
1.050317e-07,0.8,0.8,0.8,0.8,0.0,0.7975845
1.051e-07,0.8,0.8,0.8,0.8,0.0,0.7991756
1.0511e-07,0.8,0.72,0.8,0.8,0.0,0.7991847
1.0513e-07,0.8,0.56,0.8,0.8,0.0,0.7991861
1.0517e-07,0.8,0.24,0.8,0.8,0.0,0.7992096
1.052e-07,0.8,5.251355e-14,0.8,0.8,0.0,0.7993291
1.05208e-07,0.8,0.0,0.8,0.8,0.0,0.7994377
1.05224e-07,0.8,0.0,0.8,0.8,0.0,0.7996139
1.05256e-07,0.8,0.0,0.8,0.8,0.0,0.7997947
1.0532e-07,0.8,0.0,0.8,0.8,0.0,0.7998889
1.05448e-07,0.8,0.0,0.8,0.8,0.0,0.7998846
1.05704e-07,0.8,0.0,0.8,0.8,0.0,0.7998846
1.06216e-07,0.8,0.0,0.8,0.8,0.0,0.7999266
1.0724e-07,0.8,0.0,0.8,0.8,0.0,0.7999296
1.086542e-07,0.8,0.0,0.8,0.8,0.0,0.7999217
1.1e-07,0.8,0.0,0.8,0.8,0.0,0.7999297
1.1001e-07,0.8,0.08,0.8,0.8,0.0,0.8000156
1.1003e-07,0.8,0.24,0.8,0.8,0.0,0.8001444
1.1007e-07,0.8,0.56,0.8,0.8,0.0,0.800174
1.101e-07,0.8,0.8,0.8,0.8,0.0,0.7999692
1.10108e-07,0.8,0.8,0.8,0.8,0.0,0.799878
1.10124e-07,0.8,0.8,0.8,0.8,0.0,0.799737
1.10156e-07,0.8,0.8,0.8,0.8,0.0,0.7996656
1.1022e-07,0.8,0.8,0.8,0.8,0.0,0.799803
1.10348e-07,0.8,0.8,0.8,0.8,0.0,0.7999783
1.105896e-07,0.8,0.8,0.8,0.8,0.0,0.799933
1.108734e-07,0.8,0.8,0.8,0.8,0.0,0.7999291
1.114411e-07,0.8,0.8,0.8,0.8,0.0,0.7999235
1.125766e-07,0.8,0.8,0.8,0.8,0.0,0.7999268
1.148474e-07,0.8,0.8,0.8,0.8,0.0,0.7999249
1.151e-07,0.8,0.8,0.8,0.8,0.0,0.7999253
1.1511e-07,0.8,0.72,0.8,0.8,0.0,0.7998896
1.1513e-07,0.8,0.56,0.8,0.8,0.0,0.7998045
1.1517e-07,0.8,0.24,0.8,0.8,0.0,0.7996895
1.152e-07,0.8,5.251355e-14,0.8,0.8,0.0,0.7997253
1.15208e-07,0.8,0.0,0.8,0.8,0.0,0.7998135
1.15224e-07,0.8,0.0,0.8,0.8,0.0,0.7999512
1.15256e-07,0.8,0.0,0.8,0.8,0.0,0.8000737
1.1532e-07,0.8,0.0,0.8,0.8,0.0,0.8000754
1.15448e-07,0.8,0.0,0.8,0.8,0.0,0.799962
1.15704e-07,0.8,0.0,0.8,0.8,0.0,0.7998911
1.16216e-07,0.8,0.0,0.8,0.8,0.0,0.7999246
1.171e-07,0.8,0.0,0.8,0.8,0.0,0.799931
1.1711e-07,0.8,0.0,0.72,0.8,0.0,0.7948753
1.1713e-07,0.8,0.0,0.56,0.8,0.0,0.785237
1.1717e-07,0.8,0.0,0.24,0.8,0.0,0.7642118
1.172e-07,0.8,0.0,4.574119e-14,0.8,0.0,0.7438879
1.17208e-07,0.8,0.0,0.0,0.8,0.0,0.7417896
1.17224e-07,0.8,0.0,0.0,0.8,0.0,0.7384127
1.17256e-07,0.8,0.0,0.0,0.8,0.0,0.7360642
1.1732e-07,0.8,0.0,0.0,0.8,0.0,0.7442195
1.17448e-07,0.8,0.0,0.0,0.8,0.0,0.7716883
1.17704e-07,0.8,0.0,0.0,0.8,0.0,0.795702
1.181554e-07,0.8,0.0,0.0,0.8,0.0,0.8001642
1.186768e-07,0.8,0.0,0.0,0.8,0.0,0.7998574
1.197195e-07,0.8,0.0,0.0,0.8,0.0,0.7997875
1.2e-07,0.8,0.0,0.0,0.8,1.058791e-13,0.7999383
1.2001e-07,0.8,0.08,0.0,0.8,0.08,0.8000061
1.2003e-07,0.8,0.24,0.0,0.8,0.24,0.8000909
1.2007e-07,0.8,0.56,0.0,0.8,0.56,0.7997931
1.201e-07,0.8,0.8,0.0,0.8,0.8,0.7990058
1.20108e-07,0.8,0.8,0.0,0.8,0.8,0.7987915
1.20124e-07,0.8,0.8,0.0,0.8,0.8,0.7984988
1.20156e-07,0.8,0.8,0.0,0.8,0.8,0.7984889
1.2022e-07,0.8,0.8,0.0,0.8,0.8,0.7997817
1.20348e-07,0.8,0.8,0.0,0.8,0.8,0.8064068
1.205479e-07,0.8,0.8,0.0,0.8,0.8,0.7676894
1.208549e-07,0.8,0.8,0.0,0.8,0.8,0.1756848
1.21469e-07,0.8,0.8,0.0,0.8,0.8,-0.06281541
1.220742e-07,0.8,0.8,0.0,0.8,0.8,0.05372624
1.232847e-07,0.8,0.8,0.0,0.8,0.8,-0.04555891
1.244966e-07,0.8,0.8,0.0,0.8,0.8,0.04242752
1.251e-07,0.8,0.8,0.0,0.8,0.8,-0.03272186
1.2511e-07,0.8,0.72,0.0,0.8,0.8,-0.02485297
1.2513e-07,0.8,0.56,0.0,0.8,0.8,-0.01292412
1.2517e-07,0.8,0.24,0.0,0.8,0.8,-0.003034764
1.252e-07,0.8,0.0,0.0,0.8,0.8,-0.001173713
1.25208e-07,0.8,0.0,0.0,0.8,0.8,-0.0009091139
1.25224e-07,0.8,0.0,0.0,0.8,0.8,-0.0004925129
1.25256e-07,0.8,0.0,0.0,0.8,0.8,-8.916129e-05
1.2532e-07,0.8,0.0,0.0,0.8,0.8,9.511433e-05
1.25448e-07,0.8,0.0,0.0,0.8,0.8,6.857391e-05
1.25704e-07,0.8,0.0,0.0,0.8,0.8,-4.731313e-05
1.26216e-07,0.8,0.0,0.0,0.8,0.8,1.56633e-06
1.27e-07,0.8,0.0,0.0,0.8,0.8,1.070015e-05
1.2701e-07,0.8,0.0,0.08,0.8,0.8,0.006030192
1.2703e-07,0.8,0.0,0.24,0.8,0.8,0.01595621
1.2707e-07,0.8,0.0,0.56,0.8,0.8,0.02487985
1.271e-07,0.8,0.0,0.8,0.8,0.8,0.02562925
1.27108e-07,0.8,0.0,0.8,0.8,0.8,0.02214883
1.27124e-07,0.8,0.0,0.8,0.8,0.8,0.01638156
1.27156e-07,0.8,0.0,0.8,0.8,0.8,0.009697855
1.2722e-07,0.8,0.0,0.8,0.8,0.8,0.004495609
1.27348e-07,0.8,0.0,0.8,0.8,0.8,0.002402316
1.27604e-07,0.8,0.0,0.8,0.8,0.8,0.001236912
1.279918e-07,0.8,0.0,0.8,0.8,0.8,-0.0001305296
1.285422e-07,0.8,0.0,0.8,0.8,0.8,0.0002741671
1.29643e-07,0.8,0.0,0.8,0.8,0.8,-0.0001105051
1.3e-07,0.8,2.117582e-13,0.8,0.8,0.8,0.0002242051
1.3001e-07,0.8,0.08,0.8,0.8,0.8,0.0002112877
1.3003e-07,0.8,0.24,0.8,0.8,0.8,0.0002205622
1.3007e-07,0.8,0.56,0.8,0.8,0.8,0.0001763312
1.301e-07,0.8,0.8,0.8,0.8,0.8,8.76628e-06
1.30108e-07,0.8,0.8,0.8,0.8,0.8,-7.640507e-05
1.30124e-07,0.8,0.8,0.8,0.8,0.8,-0.0001657272
1.30156e-07,0.8,0.8,0.8,0.8,0.8,-0.0001064921
1.3022e-07,0.8,0.8,0.8,0.8,0.8,0.0001576259
1.30348e-07,0.8,0.8,0.8,0.8,0.8,0.0001147068
1.305889e-07,0.8,0.8,0.8,0.8,0.8,5.100074e-05
1.308724e-07,0.8,0.8,0.8,0.8,0.8,8.777115e-05
1.314393e-07,0.8,0.8,0.8,0.8,0.8,6.3246e-05
1.325732e-07,0.8,0.8,0.8,0.8,0.8,8.717754e-05
1.348408e-07,0.8,0.8,0.8,0.8,0.8,6.352966e-05
1.351e-07,0.8,0.8,0.8,0.8,0.8,7.848345e-05
1.3511e-07,0.8,0.72,0.8,0.8,0.8,1.548889e-05
1.3513e-07,0.8,0.56,0.8,0.8,0.8,-6.691108e-05
1.3517e-07,0.8,0.24,0.8,0.8,0.8,-0.0001055462
1.352e-07,0.8,0.0,0.8,0.8,0.8,-5.290538e-05
1.35208e-07,0.8,0.0,0.8,0.8,0.8,6.054444e-06
1.35224e-07,0.8,0.0,0.8,0.8,0.8,9.029015e-05
1.35256e-07,0.8,0.0,0.8,0.8,0.8,0.0001691585
1.3532e-07,0.8,0.0,0.8,0.8,0.8,0.0001775787
1.35448e-07,0.8,0.0,0.8,0.8,0.8,0.0001713235
1.35704e-07,0.8,0.0,0.8,0.8,0.8,8.619021e-06
1.36216e-07,0.8,0.0,0.8,0.8,0.8,8.534113e-05
1.3724e-07,0.8,0.0,0.8,0.8,0.8,6.95809e-05
1.386554e-07,0.8,0.0,0.8,0.8,0.8,6.930743e-05
1.4e-07,0.8,0.0,0.8,0.8,0.8,7.323928e-05
1.4001e-07,0.8,0.08,0.8,0.8,0.8,0.0001156939
1.4003e-07,0.8,0.24,0.8,0.8,0.8,0.0001907047
1.4007e-07,0.8,0.56,0.8,0.8,0.8,0.0001693703
1.401e-07,0.8,0.8,0.8,0.8,0.8,1.741472e-06
1.40108e-07,0.8,0.8,0.8,0.8,0.8,-8.188256e-05
1.40124e-07,0.8,0.8,0.8,0.8,0.8,-0.0001645465
1.40156e-07,0.8,0.8,0.8,0.8,0.8,-0.0001103181
1.4022e-07,0.8,0.8,0.8,0.8,0.8,0.0001490987
1.40348e-07,0.8,0.8,0.8,0.8,0.8,0.0001108302
1.405891e-07,0.8,0.8,0.8,0.8,0.8,4.529216e-05
1.408729e-07,0.8,0.8,0.8,0.8,0.8,8.202344e-05
1.414407e-07,0.8,0.8,0.8,0.8,0.8,5.971252e-05
1.425762e-07,0.8,0.8,0.8,0.8,0.8,7.868087e-05
1.448471e-07,0.8,0.8,0.8,0.8,0.8,5.991198e-05
1.451e-07,0.8,0.8,0.8,0.8,0.8,7.432916e-05
1.4511e-07,0.8,0.72,0.8,0.8,0.8,1.210642e-05
1.4513e-07,0.8,0.56,0.8,0.8,0.8,-4.783265e-05
1.4517e-07,0.8,0.24,0.8,0.8,0.8,-8.730076e-05
1.452e-07,0.8,0.0,0.8,0.8,0.8,-9.988115e-05
1.45208e-07,0.8,0.0,0.8,0.8,0.8,-3.131801e-05
1.45224e-07,0.8,0.0,0.8,0.8,0.8,6.780197e-05
1.45256e-07,0.8,0.0,0.8,0.8,0.8,0.0001577538
1.4532e-07,0.8,0.0,0.8,0.8,0.8,0.0001723355
1.45448e-07,0.8,0.0,0.8,0.8,0.8,0.0001710489
1.45704e-07,0.8,0.0,0.8,0.8,0.8,2.861464e-06
1.461e-07,0.8,0.0,0.8,0.8,0.8,6.471015e-05
1.4611e-07,0.8,0.0,0.8,0.72,0.8,-0.002020629
1.4613e-07,0.8,0.0,0.8,0.56,0.8,-0.005313086
1.4617e-07,0.8,0.0,0.8,0.24,0.8,-0.003201286
1.462e-07,0.8,0.0,0.8,0.0,0.8,0.008402521
1.46208e-07,0.8,0.0,0.8,0.0,0.8,0.01413392
1.46224e-07,0.8,0.0,0.8,0.0,0.8,0.0234664
1.46256e-07,0.8,0.0,0.8,0.0,0.8,0.03351959
1.4632e-07,0.8,0.0,0.8,0.0,0.8,0.04207192
1.46448e-07,0.8,0.0,0.8,0.0,0.8,0.06438244
1.46704e-07,0.8,0.0,0.8,0.0,0.8,0.06387304
1.471e-07,0.8,0.0,0.8,0.0,0.8,-0.01570292
1.4711e-07,0.8,0.0,0.72,0.0,0.8,-0.01997198
1.4713e-07,0.8,0.0,0.56,0.0,0.8,-0.02635693
1.4717e-07,0.8,0.0,0.24,0.0,0.8,-0.03235932
1.472e-07,0.8,0.0,0.0,0.0,0.8,-0.03477786
1.47208e-07,0.8,0.0,0.0,0.0,0.8,-0.03130203
1.47224e-07,0.8,0.0,0.0,0.0,0.8,-0.02507936
1.47256e-07,0.8,0.0,0.0,0.0,0.8,-0.01608975
1.4732e-07,0.8,0.0,0.0,0.0,0.8,-0.00646036
1.47448e-07,0.8,0.0,0.0,0.0,0.8,-0.0005935064
1.47704e-07,0.8,0.0,0.0,0.0,0.8,0.0001035096
1.48216e-07,0.8,0.0,0.0,0.0,0.8,-5.16757e-05
1.4924e-07,0.8,0.0,0.0,0.0,0.8,4.282848e-05
1.5e-07,0.8,2.117582e-13,0.0,0.0,0.8,-2.024578e-05
1.5001e-07,0.8,0.08,0.0,0.0,0.8,2.438712e-05
1.5003e-07,0.8,0.24,0.0,0.0,0.8,0.0001006586
1.5007e-07,0.8,0.56,0.0,0.0,0.8,8.844157e-05
1.501e-07,0.8,0.8,0.0,0.0,0.8,-4.927697e-05
1.50108e-07,0.8,0.8,0.0,0.0,0.736,-0.0001334948
1.50124e-07,0.8,0.8,0.0,0.0,0.608,-0.0002376189
1.50156e-07,0.8,0.8,0.0,0.0,0.352,-0.0002197424
1.502e-07,0.8,0.8,0.0,0.0,0.0,3.453064e-05
1.502064e-07,0.8,0.8,0.0,0.0,0.0,9.350103e-05
1.502192e-07,0.8,0.8,0.0,0.0,0.0,0.0002083106
1.502448e-07,0.8,0.8,0.0,0.0,0.0,0.0003943475
1.50296e-07,0.8,0.8,0.0,0.0,0.0,0.0005695066
1.503984e-07,0.8,0.8,0.0,0.0,0.0,0.0005336729
1.506032e-07,0.8,0.8,0.0,0.0,0.0,0.0001909444
1.510128e-07,0.8,0.8,0.0,0.0,0.0,0.0002453969
1.51828e-07,0.8,0.8,0.0,0.0,0.0,9.715197e-05
1.528834e-07,0.8,0.8,0.0,0.0,0.0,-0.0001126402
1.546997e-07,0.8,0.8,0.0,0.0,0.0,0.0001164854
1.551e-07,0.8,0.8,0.0,0.0,0.0,-6.090635e-05
1.5511e-07,0.8,0.72,0.0,0.0,0.0,-0.0001095162
1.5513e-07,0.8,0.56,0.0,0.0,0.0,-0.000162475
1.5517e-07,0.8,0.24,0.0,0.0,0.0,-0.0001581658
1.552e-07,0.8,0.0,0.0,0.0,0.0,-0.000123319
1.55208e-07,0.8,0.0,0.0,0.0,0.0,-7.461494e-05
1.55224e-07,0.8,0.0,0.0,0.0,0.0,-3.782431e-06
1.55256e-07,0.8,0.0,0.0,0.0,0.0,4.935461e-05
1.5532e-07,0.8,0.0,0.0,0.0,0.0,7.746511e-05
1.55448e-07,0.8,0.0,0.0,0.0,0.0,7.289984e-05
1.55704e-07,0.8,0.0,0.0,0.0,0.0,-3.043946e-05
1.56216e-07,0.8,0.0,0.0,0.0,0.0,-6.65387e-06
1.57e-07,0.8,0.0,0.0,0.0,0.0,1.794078e-05
1.5701e-07,0.8,0.0,0.08,0.0,0.0,0.004683758
1.5703e-07,0.8,0.0,0.24,0.0,0.0,0.01281953
1.5707e-07,0.8,0.0,0.56,0.0,0.0,0.02390288
1.571e-07,0.8,0.0,0.8,0.0,0.0,0.02893155
1.57108e-07,0.8,0.0,0.8,0.0,0.0,0.02624821
1.57124e-07,0.8,0.0,0.8,0.0,0.0,0.02133778
1.57156e-07,0.8,0.0,0.8,0.0,0.0,0.01400599
1.5722e-07,0.8,0.0,0.8,0.0,0.0,0.005744708
1.57348e-07,0.8,0.0,0.8,0.0,0.0,0.0005309802
1.57604e-07,0.8,0.0,0.8,0.0,0.0,-8.177144e-05
1.58116e-07,0.8,0.0,0.8,0.0,0.0,7.657969e-05
1.5914e-07,0.8,0.0,0.8,0.0,0.0,-2.859632e-05
1.6e-07,0.8,0.0,0.8,0.0,0.0,4.968014e-05
1.6001e-07,0.8,0.08,0.8,0.08,0.0,0.003406154
1.6003e-07,0.8,0.24,0.8,0.24,0.0,0.01120596
1.6007e-07,0.8,0.56,0.8,0.56,0.0,0.03091431
1.601e-07,0.8,0.8,0.8,0.8,0.0,0.04101137
1.60108e-07,0.8,0.8,0.8,0.8,0.0,0.0384302
1.60124e-07,0.8,0.8,0.8,0.8,0.0,0.02907636
1.60156e-07,0.8,0.8,0.8,0.8,0.0,0.01084273
1.6022e-07,0.8,0.8,0.8,0.8,0.0,0.004305993
1.60348e-07,0.8,0.8,0.8,0.8,0.0,0.004444361
1.605891e-07,0.8,0.8,0.8,0.8,0.0,0.0005903222
1.608725e-07,0.8,0.8,0.8,0.8,0.0,0.0008898471
1.613549e-07,0.8,0.8,0.8,0.8,0.0,-0.000297406
1.61936e-07,0.8,0.8,0.8,0.8,0.0,0.0003230941
1.629249e-07,0.8,0.8,0.8,0.8,0.0,-0.0001442858
1.639432e-07,0.8,0.8,0.8,0.8,0.0,0.0002463068
1.651e-07,0.8,0.8,0.8,0.8,0.0,-8.751795e-05
1.6511e-07,0.8,0.72,0.8,0.8,0.0,-0.0001121985
1.6513e-07,0.8,0.56,0.8,0.8,0.0,-0.0001373401
1.6517e-07,0.8,0.24,0.8,0.8,0.0,-0.0001170147
1.652e-07,0.8,0.0,0.8,0.8,0.0,-6.460552e-05
1.65208e-07,0.8,0.0,0.8,0.8,0.0,-5.108318e-06
1.65224e-07,0.8,0.0,0.8,0.8,0.0,8.122207e-05
1.65256e-07,0.8,0.0,0.8,0.8,0.0,0.0001502122
1.6532e-07,0.8,0.0,0.8,0.8,0.0,0.0001621933
1.65448e-07,0.8,0.0,0.8,0.8,0.0,0.0001331466
1.65704e-07,0.8,0.0,0.8,0.8,0.0,3.263383e-05
1.66216e-07,0.8,0.0,0.8,0.8,0.0,5.607896e-05
1.66856e-07,0.8,0.0,0.8,0.8,0.0,8.737378e-05
1.678652e-07,0.8,0.0,0.8,0.8,0.0,4.67265e-05
1.693241e-07,0.8,0.0,0.8,0.8,0.0,8.485302e-05
1.7e-07,0.8,0.0,0.8,0.8,0.0,5.007084e-05
1.7001e-07,0.8,0.08,0.8,0.8,0.0,9.40147e-05
1.7003e-07,0.8,0.24,0.8,0.8,0.0,0.0001969314
1.7007e-07,0.8,0.56,0.8,0.8,0.0,0.0004349921
1.701e-07,0.8,0.8,0.8,0.8,0.0,0.0005888197
1.70108e-07,0.8,0.8,0.8,0.8,0.0,0.0005354886
1.70124e-07,0.8,0.8,0.8,0.8,0.0,0.0004134213
1.70156e-07,0.8,0.8,0.8,0.8,0.0,5.921622e-05
1.7022e-07,0.8,0.8,0.8,0.8,0.0,-0.001380583
1.70348e-07,0.8,0.8,0.8,0.8,0.0,-0.005551993
1.70604e-07,0.8,0.8,0.8,0.8,0.0,0.0483221
1.708774e-07,0.8,0.8,0.8,0.8,0.0,0.3887485
1.714243e-07,0.8,0.8,0.8,0.8,0.0,0.8061009
1.723008e-07,0.8,0.8,0.8,0.8,0.0,0.7960628
1.732994e-07,0.8,0.8,0.8,0.8,0.0,0.8025983
1.750346e-07,0.8,0.8,0.8,0.8,0.0,0.7977878
1.751e-07,0.8,0.8,0.8,0.8,0.0,0.7992521
1.7511e-07,0.8,0.72,0.8,0.8,0.0,0.7992611
1.7513e-07,0.8,0.56,0.8,0.8,0.0,0.7992603
1.7517e-07,0.8,0.24,0.8,0.8,0.0,0.7992752
1.752e-07,0.8,0.0,0.8,0.8,0.0,0.7993859
1.75208e-07,0.8,0.0,0.8,0.8,0.0,0.7994923
1.75224e-07,0.8,0.0,0.8,0.8,0.0,0.7996641
1.75256e-07,0.8,0.0,0.8,0.8,0.0,0.7998371
1.7532e-07,0.8,0.0,0.8,0.8,0.0,0.7999137
1.75448e-07,0.8,0.0,0.8,0.8,0.0,0.7998971
1.75704e-07,0.8,0.0,0.8,0.8,0.0,0.7998867
1.76216e-07,0.8,0.0,0.8,0.8,0.0,0.7999263
1.771e-07,0.8,0.0,0.8,0.8,0.0,0.7999301
1.7711e-07,0.8,0.0,0.72,0.8,0.0,0.7948831
1.7713e-07,0.8,0.0,0.56,0.8,0.0,0.7852655
1.7717e-07,0.8,0.0,0.24,0.8,0.0,0.7643023
1.772e-07,0.8,0.0,0.0,0.8,0.0,0.7440403
1.77208e-07,0.8,0.0,0.0,0.8,0.0,0.7419523
1.77224e-07,0.8,0.0,0.0,0.8,0.0,0.7385913
1.77256e-07,0.8,0.0,0.0,0.8,0.0,0.7362465
1.7732e-07,0.8,0.0,0.0,0.8,0.0,0.7443394
1.77448e-07,0.8,0.0,0.0,0.8,0.0,0.7717238
1.77704e-07,0.8,0.0,0.0,0.8,0.0,0.7957225
1.781548e-07,0.8,0.0,0.0,0.8,0.0,0.8001624
1.786765e-07,0.8,0.0,0.0,0.8,0.0,0.7998657
1.797199e-07,0.8,0.0,0.0,0.8,0.0,0.7997906
1.8e-07,0.8,2.117582e-13,0.0,0.8,0.0,0.7999449
1.8001e-07,0.8,0.08,0.0,0.8,0.0,0.8000064
1.8003e-07,0.8,0.24,0.0,0.8,0.0,0.8000847
1.8007e-07,0.8,0.56,0.0,0.8,0.0,0.7998239
1.801e-07,0.8,0.8,0.0,0.8,0.0,0.7991077
1.80108e-07,0.8,0.8,0.0,0.8,0.0,0.7989106
1.80124e-07,0.8,0.8,0.0,0.8,0.0,0.7986258
1.80156e-07,0.8,0.8,0.0,0.8,0.0,0.7985464
1.8022e-07,0.8,0.8,0.0,0.8,0.0,0.799715
1.80348e-07,0.8,0.8,0.0,0.8,0.0,0.8063593
1.806009e-07,0.8,0.8,0.0,0.8,0.0,0.709198
1.808906e-07,0.8,0.8,0.0,0.8,0.0,0.1348723
1.814702e-07,0.8,0.8,0.0,0.8,0.0,-0.05668721
1.820851e-07,0.8,0.8,0.0,0.8,0.0,0.04823626
1.832955e-07,0.8,0.8,0.0,0.8,0.0,-0.04118537
1.845571e-07,0.8,0.8,0.0,0.8,0.0,0.03837249
1.851e-07,0.8,0.8,0.0,0.8,0.0,-0.02899406
1.8511e-07,0.8,0.72,0.0,0.8,0.0,-0.02202233
1.8513e-07,0.8,0.56,0.0,0.8,0.0,-0.0114611
1.8517e-07,0.8,0.24,0.0,0.8,0.0,-0.002703051
1.852e-07,0.8,0.0,0.0,0.8,0.0,-0.001051002
1.85208e-07,0.8,0.0,0.0,0.8,0.0,-0.0008107773
1.85224e-07,0.8,0.0,0.0,0.8,0.0,-0.0004311951
1.85256e-07,0.8,0.0,0.0,0.8,0.0,-6.624298e-05
1.8532e-07,0.8,0.0,0.0,0.8,0.0,9.687555e-05
1.85448e-07,0.8,0.0,0.0,0.8,0.0,6.881723e-05
1.85704e-07,0.8,0.0,0.0,0.8,0.0,-4.709938e-05
1.86216e-07,0.8,0.0,0.0,0.8,0.0,1.395584e-06
1.87e-07,0.8,0.0,0.0,0.8,0.0,1.091291e-05
1.8701e-07,0.8,0.0,0.08,0.8,0.0,0.00601165
1.8703e-07,0.8,0.0,0.24,0.8,0.0,0.01589591
1.8707e-07,0.8,0.0,0.56,0.8,0.0,0.02475962
1.871e-07,0.8,0.0,0.8,0.8,0.0,0.02549497
1.87108e-07,0.8,0.0,0.8,0.8,0.0,0.02202607
1.87124e-07,0.8,0.0,0.8,0.8,0.0,0.01628136
1.87156e-07,0.8,0.0,0.8,0.8,0.0,0.00962576
1.8722e-07,0.8,0.0,0.8,0.8,0.0,0.004553022
1.87348e-07,0.8,0.0,0.8,0.8,0.0,0.002370679
1.87604e-07,0.8,0.0,0.8,0.8,0.0,0.00100813
1.879222e-07,0.8,0.0,0.8,0.8,0.0,0.0002679478
1.885585e-07,0.8,0.0,0.8,0.8,0.0,-1.00244e-05
1.891704e-07,0.8,0.0,0.8,0.8,0.0,0.0001007479
1.9e-07,0.8,0.0,0.8,0.8,0.0,4.353032e-05
1.9001e-07,0.8,0.08,0.8,0.8,0.0,7.716429e-05
1.9003e-07,0.8,0.24,0.8,0.8,0.0,0.000185316
1.9007e-07,0.8,0.56,0.8,0.8,0.0,0.0004306195
1.901e-07,0.8,0.8,0.8,0.8,0.0,0.000586435
1.90108e-07,0.8,0.8,0.8,0.8,0.0,0.0005348791
1.90124e-07,0.8,0.8,0.8,0.8,0.0,0.0004173286
1.90156e-07,0.8,0.8,0.8,0.8,0.0,6.103503e-05
1.9022e-07,0.8,0.8,0.8,0.8,0.0,-0.001402599
1.90348e-07,0.8,0.8,0.8,0.8,0.0,-0.005629735
1.90604e-07,0.8,0.8,0.8,0.8,0.0,0.05053258
1.908777e-07,0.8,0.8,0.8,0.8,0.0,0.3935465
1.914252e-07,0.8,0.8,0.8,0.8,0.0,0.8075221
1.922995e-07,0.8,0.8,0.8,0.8,0.0,0.7954427
1.933e-07,0.8,0.8,0.8,0.8,0.0,0.8029285
1.95031e-07,0.8,0.8,0.8,0.8,0.0,0.797562
1.951e-07,0.8,0.8,0.8,0.8,0.0,0.799171
1.9511e-07,0.8,0.72,0.8,0.8,0.0,0.7991795
1.9513e-07,0.8,0.56,0.8,0.8,0.0,0.7991799
1.9517e-07,0.8,0.24,0.8,0.8,0.0,0.799203
1.952e-07,0.8,0.0,0.8,0.8,0.0,0.7993232
1.95208e-07,0.8,0.0,0.8,0.8,0.0,0.7994321
1.95224e-07,0.8,0.0,0.8,0.8,0.0,0.7996087
1.95256e-07,0.8,0.0,0.8,0.8,0.0,0.7997903
1.9532e-07,0.8,0.0,0.8,0.8,0.0,0.7998859
1.95448e-07,0.8,0.0,0.8,0.8,0.0,0.7998832
1.95704e-07,0.8,0.0,0.8,0.8,0.0,0.7998844
1.96216e-07,0.8,0.0,0.8,0.8,0.0,0.7999267
1.9724e-07,0.8,0.0,0.8,0.8,0.0,0.7999296
1.986542e-07,0.8,0.0,0.8,0.8,0.0,0.7999217
2e-07,0.8,2.117582e-13,0.8,0.8,0.0,0.7999296
2.0001e-07,0.8,0.08,0.8,0.8,0.0,0.8000156
2.0003e-07,0.8,0.24,0.8,0.8,0.0,0.8001444
2.0007e-07,0.8,0.56,0.8,0.8,0.0,0.8001778
2.001e-07,0.8,0.8,0.8,0.8,0.0,0.7999721
2.00108e-07,0.8,0.8,0.8,0.8,0.0,0.7998807
2.00124e-07,0.8,0.8,0.8,0.8,0.0,0.7997394
2.00156e-07,0.8,0.8,0.8,0.8,0.0,0.7996676
2.0022e-07,0.8,0.8,0.8,0.8,0.0,0.7998045
2.00348e-07,0.8,0.8,0.8,0.8,0.0,0.7999791
2.005896e-07,0.8,0.8,0.8,0.8,0.0,0.7999331
2.008734e-07,0.8,0.8,0.8,0.8,0.0,0.7999292
2.014411e-07,0.8,0.8,0.8,0.8,0.0,0.7999235
2.025766e-07,0.8,0.8,0.8,0.8,0.0,0.7999268
2.048474e-07,0.8,0.8,0.8,0.8,0.0,0.7999249
2.051e-07,0.8,0.8,0.8,0.8,0.0,0.7999253
2.0511e-07,0.8,0.72,0.8,0.8,0.0,0.7998896
2.0513e-07,0.8,0.56,0.8,0.8,0.0,0.7998045
2.0517e-07,0.8,0.24,0.8,0.8,0.0,0.7996894
2.052e-07,0.8,0.0,0.8,0.8,0.0,0.7997252
2.05208e-07,0.8,0.0,0.8,0.8,0.0,0.7998135
2.05224e-07,0.8,0.0,0.8,0.8,0.0,0.7999513
2.05256e-07,0.8,0.0,0.8,0.8,0.0,0.8000739
2.0532e-07,0.8,0.0,0.8,0.8,0.0,0.8000754
2.05448e-07,0.8,0.0,0.8,0.8,0.0,0.799962
2.05704e-07,0.8,0.0,0.8,0.8,0.0,0.7998911
2.06216e-07,0.8,0.0,0.8,0.8,0.0,0.7999246
2.071e-07,0.8,0.0,0.8,0.8,0.0,0.799931
2.0711e-07,0.8,0.0,0.72,0.8,0.0,0.7948841
2.0713e-07,0.8,0.0,0.56,0.8,0.0,0.7852686
2.0717e-07,0.8,0.0,0.24,0.8,0.0,0.7643093
2.072e-07,0.8,0.0,0.0,0.8,0.0,0.744051
2.07208e-07,0.8,0.0,0.0,0.8,0.0,0.7419635
2.07224e-07,0.8,0.0,0.0,0.8,0.0,0.7386034
2.07256e-07,0.8,0.0,0.0,0.8,0.0,0.7362585
2.0732e-07,0.8,0.0,0.0,0.8,0.0,0.7443473
2.07448e-07,0.8,0.0,0.0,0.8,0.0,0.7717263
2.07704e-07,0.8,0.0,0.0,0.8,0.0,0.7957238
2.081548e-07,0.8,0.0,0.0,0.8,0.0,0.8001623
2.086765e-07,0.8,0.0,0.0,0.8,0.0,0.7998662
2.097199e-07,0.8,0.0,0.0,0.8,0.0,0.7997907
2.1e-07,0.8,0.0,0.0,0.8,0.0,0.7999453
2.1001e-07,0.8,0.08,0.0,0.8,0.0,0.8000068
2.1003e-07,0.8,0.24,0.0,0.8,0.0,0.8000851
2.1007e-07,0.8,0.56,0.0,0.8,0.0,0.7998242
2.101e-07,0.8,0.8,0.0,0.8,0.0,0.799108
2.10108e-07,0.8,0.8,0.0,0.8,0.0,0.7989109
2.10124e-07,0.8,0.8,0.0,0.8,0.0,0.7986261
2.10156e-07,0.8,0.8,0.0,0.8,0.0,0.7985467
2.1022e-07,0.8,0.8,0.0,0.8,0.0,0.7997153
2.10348e-07,0.8,0.8,0.0,0.8,0.0,0.8063708
2.106009e-07,0.8,0.8,0.0,0.8,0.0,0.7092
2.108906e-07,0.8,0.8,0.0,0.8,0.0,0.134868
2.114702e-07,0.8,0.8,0.0,0.8,0.0,-0.05668667
2.120851e-07,0.8,0.8,0.0,0.8,0.0,0.0482362
2.132955e-07,0.8,0.8,0.0,0.8,0.0,-0.04118553
2.145571e-07,0.8,0.8,0.0,0.8,0.0,0.03837279
2.151e-07,0.8,0.8,0.0,0.8,0.0,-0.02899483
2.1511e-07,0.8,0.72,0.0,0.8,0.0,-0.02202265
2.1513e-07,0.8,0.56,0.0,0.8,0.0,-0.01146087
2.1517e-07,0.8,0.24,0.0,0.8,0.0,-0.002702708
2.152e-07,0.8,0.0,0.0,0.8,0.0,-0.001050808
2.15208e-07,0.8,0.0,0.0,0.8,0.0,-0.0008106142
2.15224e-07,0.8,0.0,0.0,0.8,0.0,-0.0004310824
2.15256e-07,0.8,0.0,0.0,0.8,0.0,-6.618624e-05
2.1532e-07,0.8,0.0,0.0,0.8,0.0,9.688583e-05
2.15448e-07,0.8,0.0,0.0,0.8,0.0,6.88142e-05
2.15704e-07,0.8,0.0,0.0,0.8,0.0,-4.709824e-05
2.16216e-07,0.8,0.0,0.0,0.8,0.0,1.394966e-06
2.17e-07,0.8,0.0,0.0,0.8,0.0,1.091381e-05
2.1701e-07,0.8,0.0,0.08,0.8,0.0,0.006010327
2.1703e-07,0.8,0.0,0.24,0.8,0.0,0.01589223
2.1707e-07,0.8,0.0,0.56,0.8,0.0,0.02475194
2.171e-07,0.8,0.0,0.8,0.8,0.0,0.02548656
2.17108e-07,0.8,0.0,0.8,0.8,0.0,0.02201859
2.17124e-07,0.8,0.0,0.8,0.8,0.0,0.01627549
2.17156e-07,0.8,0.0,0.8,0.8,0.0,0.00962215
2.1722e-07,0.8,0.0,0.8,0.8,0.0,0.004551665
2.17348e-07,0.8,0.0,0.8,0.8,0.0,0.00237077
2.17604e-07,0.8,0.0,0.8,0.8,0.0,0.001007893
2.179222e-07,0.8,0.0,0.8,0.8,0.0,0.0002674998
2.185586e-07,0.8,0.0,0.8,0.8,0.0,-1.055692e-05
2.191705e-07,0.8,0.0,0.8,0.8,0.0,0.0001002876
2.2e-07,0.8,0.0,0.8,0.8,0.0,4.305216e-05
2.2001e-07,0.8,0.08,0.8,0.8,0.08,8.565799e-05
2.2003e-07,0.8,0.24,0.8,0.8,0.24,0.0001996836
2.2007e-07,0.8,0.56,0.8,0.8,0.56,0.0003786087
2.201e-07,0.8,0.8,0.8,0.8,0.8,0.0004146195
2.20108e-07,0.8,0.8,0.8,0.8,0.8,0.0003656706
2.20124e-07,0.8,0.8,0.8,0.8,0.8,0.0002979297
2.20156e-07,0.8,0.8,0.8,0.8,0.8,0.0001416549
2.2022e-07,0.8,0.8,0.8,0.8,0.8,-0.001181575
2.20348e-07,0.8,0.8,0.8,0.8,0.8,-0.005665585
2.2058e-07,0.8,0.8,0.8,0.8,0.8,0.02764328
2.208608e-07,0.8,0.8,0.8,0.8,0.8,0.3577015
2.213878e-07,0.8,0.8,0.8,0.8,0.8,0.7921125
2.221587e-07,0.8,0.8,0.8,0.8,0.8,0.8014884
2.229808e-07,0.8,0.8,0.8,0.8,0.8,0.799912
2.246248e-07,0.8,0.8,0.8,0.8,0.8,0.7996323
2.251e-07,0.8,0.8,0.8,0.8,0.8,0.800537
2.2511e-07,0.8,0.72,0.8,0.8,0.8,0.8003528
2.2513e-07,0.8,0.56,0.8,0.8,0.8,0.8000386
2.2517e-07,0.8,0.24,0.8,0.8,0.8,0.7997191
2.252e-07,0.8,0.0,0.8,0.8,0.8,0.7997136
2.25208e-07,0.8,0.0,0.8,0.8,0.8,0.7997992
2.25224e-07,0.8,0.0,0.8,0.8,0.8,0.7999326
2.25256e-07,0.8,0.0,0.8,0.8,0.8,0.8000493
2.2532e-07,0.8,0.0,0.8,0.8,0.8,0.8000541
2.25448e-07,0.8,0.0,0.8,0.8,0.8,0.7999459
2.25704e-07,0.8,0.0,0.8,0.8,0.8,0.7998812
2.261e-07,0.8,0.0,0.8,0.8,0.8,0.7999254
2.2611e-07,0.8,0.0,0.8,0.72,0.8,0.7972049
2.2613e-07,0.8,0.0,0.8,0.56,0.8,0.7887103
2.2617e-07,0.8,0.0,0.8,0.24,0.8,0.7647914
2.262e-07,0.8,0.0,0.8,0.0,0.8,0.7496013
2.26208e-07,0.8,0.0,0.8,0.0,0.8,0.7522928
2.26224e-07,0.8,0.0,0.8,0.0,0.8,0.757522
2.26256e-07,0.8,0.0,0.8,0.0,0.8,0.7668648
2.2632e-07,0.8,0.0,0.8,0.0,0.8,0.7817613
2.26448e-07,0.8,0.0,0.8,0.0,0.8,0.8003714
2.26704e-07,0.8,0.0,0.8,0.0,0.8,0.810094
2.27216e-07,0.8,0.0,0.8,0.0,0.8,0.8033677
2.281396e-07,0.8,0.0,0.8,0.0,0.8,0.799508
2.291951e-07,0.8,0.0,0.8,0.0,0.8,0.8001177
2.3e-07,0.8,2.117582e-13,0.8,0.0,0.8,0.7998293
2.3001e-07,0.8,0.08,0.8,0.0,0.8,0.7999117
2.3003e-07,0.8,0.24,0.8,0.0,0.8,0.8000153
2.3007e-07,0.8,0.56,0.8,0.0,0.8,0.7998175
2.301e-07,0.8,0.8,0.8,0.0,0.8,0.7992515
2.30108e-07,0.8,0.8,0.8,0.0,0.8,0.7991012
2.30124e-07,0.8,0.8,0.8,0.0,0.8,0.7988923
2.30156e-07,0.8,0.8,0.8,0.0,0.8,0.798881
2.3022e-07,0.8,0.8,0.8,0.0,0.8,0.7999147
2.30348e-07,0.8,0.8,0.8,0.0,0.8,0.8052724
2.306003e-07,0.8,0.8,0.8,0.0,0.8,0.7307073
2.308896e-07,0.8,0.8,0.8,0.0,0.8,0.2878851
2.314682e-07,0.8,0.8,0.8,0.0,0.8,-0.03827572
2.320614e-07,0.8,0.8,0.8,0.0,0.8,0.02667618
2.332478e-07,0.8,0.8,0.8,0.0,0.8,-0.02178229
2.344761e-07,0.8,0.8,0.8,0.0,0.8,0.01872308
2.351e-07,0.8,0.8,0.8,0.0,0.8,-0.01365309
2.3511e-07,0.8,0.72,0.8,0.0,0.8,-0.01014302
2.3513e-07,0.8,0.56,0.8,0.0,0.8,-0.00540459
2.3517e-07,0.8,0.24,0.8,0.0,0.8,-0.002356787
2.352e-07,0.8,0.0,0.8,0.0,0.8,-0.001619994
2.35208e-07,0.8,0.0,0.8,0.0,0.8,-0.001415769
2.35224e-07,0.8,0.0,0.8,0.0,0.8,-0.001063672
2.35256e-07,0.8,0.0,0.8,0.0,0.8,-0.0006006704
2.3532e-07,0.8,0.0,0.8,0.0,0.8,-0.0001805561
2.35448e-07,0.8,0.0,0.8,0.0,0.8,5.826749e-05
2.35704e-07,0.8,0.0,0.8,0.0,0.8,-1.382587e-05
2.36216e-07,0.8,0.0,0.8,0.0,0.8,4.71835e-06
2.371e-07,0.8,0.0,0.8,0.0,0.8,2.974847e-05
2.3711e-07,0.8,0.0,0.72,0.0,0.8,-0.004621536
2.3713e-07,0.8,0.0,0.56,0.0,0.8,-0.01274795
2.3717e-07,0.8,0.0,0.24,0.0,0.8,-0.0238481
2.372e-07,0.8,0.0,0.0,0.0,0.8,-0.02912347
2.37208e-07,0.8,0.0,0.0,0.0,0.8,-0.02618715
2.37224e-07,0.8,0.0,0.0,0.0,0.8,-0.02095599
2.37256e-07,0.8,0.0,0.0,0.0,0.8,-0.01339349
2.3732e-07,0.8,0.0,0.0,0.0,0.8,-0.005315048
2.37448e-07,0.8,0.0,0.0,0.0,0.8,-0.0004345848
2.37704e-07,0.8,0.0,0.0,0.0,0.8,9.137208e-05
2.38216e-07,0.8,0.0,0.0,0.0,0.8,-5.01013e-05
2.3924e-07,0.8,0.0,0.0,0.0,0.8,3.938074e-05
2.4e-07,0.8,0.0,0.0,0.0,0.8,-2.786364e-05
2.4001e-07,0.8,0.08,0.0,0.08,0.8,0.002928241
2.4003e-07,0.8,0.24,0.0,0.24,0.8,0.008377339
2.4007e-07,0.8,0.56,0.0,0.56,0.8,0.009893483
2.401e-07,0.8,0.8,0.0,0.8,0.8,-0.00414997
2.40108e-07,0.8,0.8,0.0,0.8,0.8,-0.01040732
2.40124e-07,0.8,0.8,0.0,0.8,0.8,-0.01869137
2.40156e-07,0.8,0.8,0.0,0.8,0.8,-0.01664471
2.4022e-07,0.8,0.8,0.0,0.8,0.8,-0.001281819
2.40348e-07,0.8,0.8,0.0,0.8,0.8,0.0006887954
2.405527e-07,0.8,0.8,0.0,0.8,0.8,-0.0004266581
2.408487e-07,0.8,0.8,0.0,0.8,0.8,0.0002959607
2.414406e-07,0.8,0.8,0.0,0.8,0.8,-0.0002500724
2.426244e-07,0.8,0.8,0.0,0.8,0.8,0.000229742
2.449919e-07,0.8,0.8,0.0,0.8,0.8,-0.0002190924
2.451e-07,0.8,0.8,0.0,0.8,0.8,7.675469e-05
2.4511e-07,0.8,0.72,0.0,0.8,0.8,-7.265897e-06
2.4513e-07,0.8,0.56,0.0,0.8,0.8,-0.0001206548
2.4517e-07,0.8,0.24,0.0,0.8,0.8,-0.0001577238
2.452e-07,0.8,0.0,0.0,0.8,0.8,-0.0001160987
2.45208e-07,0.8,0.0,0.0,0.8,0.8,-5.508372e-05
2.45224e-07,0.8,0.0,0.0,0.8,0.8,3.359762e-05
2.45256e-07,0.8,0.0,0.0,0.8,0.8,9.507132e-05
2.4532e-07,0.8,0.0,0.0,0.8,0.8,9.879547e-05
2.45448e-07,0.8,0.0,0.0,0.8,0.8,7.172454e-05
2.45704e-07,0.8,0.0,0.0,0.8,0.8,-4.847336e-05
2.46216e-07,0.8,0.0,0.0,0.8,0.8,2.592478e-06
2.47e-07,0.8,0.0,0.0,0.8,0.8,9.682289e-06
2.4701e-07,0.8,0.0,0.08,0.8,0.8,0.006008818
2.4703e-07,0.8,0.0,0.24,0.8,0.8,0.01589924
2.4707e-07,0.8,0.0,0.56,0.8,0.8,0.02472149
2.471e-07,0.8,0.0,0.8,0.8,0.8,0.02542249
2.47108e-07,0.8,0.0,0.8,0.8,0.8,0.02196935
2.47124e-07,0.8,0.0,0.8,0.8,0.8,0.01625452
2.47156e-07,0.8,0.0,0.8,0.8,0.8,0.009658432
2.4722e-07,0.8,0.0,0.8,0.8,0.8,0.004642328
2.47348e-07,0.8,0.0,0.8,0.8,0.8,0.002517572
2.47604e-07,0.8,0.0,0.8,0.8,0.8,0.001008785
2.48116e-07,0.8,0.0,0.8,0.8,0.8,-0.0001024345
2.4914e-07,0.8,0.0,0.8,0.8,0.8,0.0001711712
2.5e-07,0.8,4.235165e-13,0.8,0.8,0.8,-6.267551e-06
2.5001e-07,0.8,0.08,0.8,0.8,0.8,4.984986e-05
2.5003e-07,0.8,0.24,0.8,0.8,0.8,0.0001485911
2.5007e-07,0.8,0.56,0.8,0.8,0.8,0.0001485446
2.501e-07,0.8,0.8,0.8,0.8,0.8,-1.531279e-05
2.50108e-07,0.8,0.8,0.8,0.8,0.736,-0.0001032154
2.50124e-07,0.8,0.8,0.8,0.8,0.608,-0.0001989187
2.50156e-07,0.8,0.8,0.8,0.8,0.352,-0.0001280348
2.502e-07,0.8,0.8,0.8,0.8,0.0,0.0001004138
2.502064e-07,0.8,0.8,0.8,0.8,0.0,0.0001220438
2.502192e-07,0.8,0.8,0.8,0.8,0.0,0.0001521721
2.502448e-07,0.8,0.8,0.8,0.8,0.0,0.000156903
2.50296e-07,0.8,0.8,0.8,0.8,0.0,0.0001289201
2.503984e-07,0.8,0.8,0.8,0.8,0.0,8.922263e-05
2.506032e-07,0.8,0.8,0.8,0.8,0.0,-1.321634e-05
2.510128e-07,0.8,0.8,0.8,0.8,0.0,2.60407e-05
2.514977e-07,0.8,0.8,0.8,0.8,0.0,0.0002054748
2.52387e-07,0.8,0.8,0.8,0.8,0.0,-8.399717e-05
2.53329e-07,0.8,0.8,0.8,0.8,0.0,0.0002096002
2.548144e-07,0.8,0.8,0.8,0.8,0.0,-7.830155e-05
2.551e-07,0.8,0.8,0.8,0.8,0.0,0.0001700709
2.5511e-07,0.8,0.72,0.8,0.8,0.0,0.0001007412
2.5513e-07,0.8,0.56,0.8,0.8,0.0,-9.478591e-06
2.5517e-07,0.8,0.24,0.8,0.8,0.0,-9.17473e-05
2.552e-07,0.8,0.0,0.8,0.8,0.0,-5.992655e-05
2.55208e-07,0.8,0.0,0.8,0.8,0.0,-3.349575e-07
2.55224e-07,0.8,0.0,0.8,0.8,0.0,8.258167e-05
2.55256e-07,0.8,0.0,0.8,0.8,0.0,0.0001526411
2.5532e-07,0.8,0.0,0.8,0.8,0.0,0.0001580103
2.55448e-07,0.8,0.0,0.8,0.8,0.0,0.0001298141
2.55704e-07,0.8,0.0,0.8,0.8,0.0,2.914526e-05
2.56216e-07,0.8,0.0,0.8,0.8,0.0,5.246122e-05
2.568558e-07,0.8,0.0,0.8,0.8,0.0,8.396663e-05
2.578666e-07,0.8,0.0,0.8,0.8,0.0,4.330512e-05
2.593221e-07,0.8,0.0,0.8,0.8,0.0,8.164351e-05
2.6e-07,0.8,0.0,0.8,0.8,0.0,4.68456e-05
2.6001e-07,0.8,0.08,0.8,0.8,0.0,9.083911e-05
2.6003e-07,0.8,0.24,0.8,0.8,0.0,0.0001941212
2.6007e-07,0.8,0.56,0.8,0.8,0.0,0.0004318587
2.601e-07,0.8,0.8,0.8,0.8,0.0,0.0005856508
2.60108e-07,0.8,0.8,0.8,0.8,0.0,0.0005324223
2.60124e-07,0.8,0.8,0.8,0.8,0.0,0.0004104639
2.60156e-07,0.8,0.8,0.8,0.8,0.0,5.578966e-05
2.6022e-07,0.8,0.8,0.8,0.8,0.0,-0.001384515
2.60348e-07,0.8,0.8,0.8,0.8,0.0,-0.005556714
2.60604e-07,0.8,0.8,0.8,0.8,0.0,0.04834
2.608774e-07,0.8,0.8,0.8,0.8,0.0,0.3888716
2.614243e-07,0.8,0.8,0.8,0.8,0.0,0.806168
2.623008e-07,0.8,0.8,0.8,0.8,0.0,0.7960337
2.632994e-07,0.8,0.8,0.8,0.8,0.0,0.8026134
2.650342e-07,0.8,0.8,0.8,0.8,0.0,0.7977777
2.651e-07,0.8,0.8,0.8,0.8,0.0,0.7992498
2.6511e-07,0.8,0.72,0.8,0.8,0.0,0.7992584
2.6513e-07,0.8,0.56,0.8,0.8,0.0,0.7992571
2.6517e-07,0.8,0.24,0.8,0.8,0.0,0.7992721
2.652e-07,0.8,0.0,0.8,0.8,0.0,0.7993832
2.65208e-07,0.8,0.0,0.8,0.8,0.0,0.7994897
2.65224e-07,0.8,0.0,0.8,0.8,0.0,0.7996617
2.65256e-07,0.8,0.0,0.8,0.8,0.0,0.7998351
2.6532e-07,0.8,0.0,0.8,0.8,0.0,0.7999123
2.65448e-07,0.8,0.0,0.8,0.8,0.0,0.7998964
2.65704e-07,0.8,0.0,0.8,0.8,0.0,0.7998866
2.66216e-07,0.8,0.0,0.8,0.8,0.0,0.7999264
2.671e-07,0.8,0.0,0.8,0.8,0.0,0.7999301
2.6711e-07,0.8,0.0,0.72,0.8,0.0,0.7948865
2.6713e-07,0.8,0.0,0.56,0.8,0.0,0.7852781
2.6717e-07,0.8,0.0,0.24,0.8,0.0,0.7643419
2.672e-07,0.8,0.0,0.0,0.8,0.0,0.7441061
2.67208e-07,0.8,0.0,0.0,0.8,0.0,0.7420224
2.67224e-07,0.8,0.0,0.0,0.8,0.0,0.7386849
2.67256e-07,0.8,0.0,0.0,0.8,0.0,0.7363383
2.6732e-07,0.8,0.0,0.0,0.8,0.0,0.7443998
2.67448e-07,0.8,0.0,0.0,0.8,0.0,0.771743
2.67704e-07,0.8,0.0,0.0,0.8,0.0,0.795732
2.681546e-07,0.8,0.0,0.0,0.8,0.0,0.8001614
2.686764e-07,0.8,0.0,0.0,0.8,0.0,0.7998691
2.697201e-07,0.8,0.0,0.0,0.8,0.0,0.7997917
2.7e-07,0.8,0.0,0.0,0.8,0.0,0.7999475
2.7001e-07,0.8,0.08,0.0,0.8,0.0,0.8000091
2.7003e-07,0.8,0.24,0.0,0.8,0.0,0.8000871
2.7007e-07,0.8,0.56,0.0,0.8,0.0,0.799826
2.701e-07,0.8,0.8,0.0,0.8,0.0,0.7991097
2.70108e-07,0.8,0.8,0.0,0.8,0.0,0.7989126
2.70124e-07,0.8,0.8,0.0,0.8,0.0,0.7986277
2.70156e-07,0.8,0.8,0.0,0.8,0.0,0.7985484
2.7022e-07,0.8,0.8,0.0,0.8,0.0,0.7997171
2.70348e-07,0.8,0.8,0.0,0.8,0.0,0.8063623
2.706009e-07,0.8,0.8,0.0,0.8,0.0,0.7091899
2.708906e-07,0.8,0.8,0.0,0.8,0.0,0.1348387
2.714702e-07,0.8,0.8,0.0,0.8,0.0,-0.05668243
2.72085e-07,0.8,0.8,0.0,0.8,0.0,0.04823461
2.732954e-07,0.8,0.8,0.0,0.8,0.0,-0.04118566
2.74557e-07,0.8,0.8,0.0,0.8,0.0,0.03837373
2.751e-07,0.8,0.8,0.0,0.8,0.0,-0.02899872
2.7511e-07,0.8,0.72,0.0,0.8,0.0,-0.02202401
2.7513e-07,0.8,0.56,0.0,0.8,0.0,-0.01145916
2.7517e-07,0.8,0.24,0.0,0.8,0.0,-0.002700602
2.752e-07,0.8,0.0,0.0,0.8,0.0,-0.001049633
2.75208e-07,0.8,0.0,0.0,0.8,0.0,-0.0008096164
2.75224e-07,0.8,0.0,0.0,0.8,0.0,-0.000430383
2.75256e-07,0.8,0.0,0.0,0.8,0.0,-6.584896e-05
2.7532e-07,0.8,0.0,0.0,0.8,0.0,9.69326e-05
2.75448e-07,0.8,0.0,0.0,0.8,0.0,6.87991e-05
2.75704e-07,0.8,0.0,0.0,0.8,0.0,-4.709496e-05
2.76216e-07,0.8,0.0,0.0,0.8,0.0,1.393942e-06
2.77e-07,0.8,0.0,0.0,0.8,0.0,1.091586e-05
2.7701e-07,0.8,0.0,0.08,0.8,0.0,0.006002714
2.7703e-07,0.8,0.0,0.24,0.8,0.0,0.01587105
2.7707e-07,0.8,0.0,0.56,0.8,0.0,0.02470786
2.771e-07,0.8,0.0,0.8,0.8,0.0,0.02543813
2.77108e-07,0.8,0.0,0.8,0.8,0.0,0.0219755
2.77124e-07,0.8,0.0,0.8,0.8,0.0,0.01624165
2.77156e-07,0.8,0.0,0.8,0.8,0.0,0.009601343
2.7722e-07,0.8,0.0,0.8,0.8,0.0,0.004543834
2.77348e-07,0.8,0.0,0.8,0.8,0.0,0.002371297
2.77604e-07,0.8,0.0,0.8,0.8,0.0,0.001006605
2.779224e-07,0.8,0.0,0.8,0.8,0.0,0.0002651142
2.785593e-07,0.8,0.0,0.8,0.8,0.0,-1.337914e-05
2.791713e-07,0.8,0.0,0.8,0.8,0.0,9.784942e-05
2.8e-07,0.8,0.0,0.8,0.8,0.0,4.051185e-05
2.8001e-07,0.8,0.08,0.8,0.8,0.0,7.400022e-05
2.8003e-07,0.8,0.24,0.8,0.8,0.0,0.0001820429
2.8007e-07,0.8,0.56,0.8,0.8,0.0,0.0004276564
2.801e-07,0.8,0.8,0.8,0.8,0.0,0.0005835771
2.80108e-07,0.8,0.8,0.8,0.8,0.0,0.0005319108
2.80124e-07,0.8,0.8,0.8,0.8,0.0,0.0004142385
2.80156e-07,0.8,0.8,0.8,0.8,0.0,5.806596e-05
2.8022e-07,0.8,0.8,0.8,0.8,0.0,-0.001405775
2.80348e-07,0.8,0.8,0.8,0.8,0.0,-0.005633506
2.80604e-07,0.8,0.8,0.8,0.8,0.0,0.05052867
2.808777e-07,0.8,0.8,0.8,0.8,0.0,0.3936206
2.814252e-07,0.8,0.8,0.8,0.8,0.0,0.807573
2.822995e-07,0.8,0.8,0.8,0.8,0.0,0.7954211
2.833e-07,0.8,0.8,0.8,0.8,0.0,0.8029394
2.850308e-07,0.8,0.8,0.8,0.8,0.0,0.7975547
2.851e-07,0.8,0.8,0.8,0.8,0.0,0.7991694
2.8511e-07,0.8,0.72,0.8,0.8,0.0,0.7991777
2.8513e-07,0.8,0.56,0.8,0.8,0.0,0.7991777
2.8517e-07,0.8,0.24,0.8,0.8,0.0,0.7992009
2.852e-07,0.8,0.0,0.8,0.8,0.0,0.7993213
2.85208e-07,0.8,0.0,0.8,0.8,0.0,0.7994303
2.85224e-07,0.8,0.0,0.8,0.8,0.0,0.799607
2.85256e-07,0.8,0.0,0.8,0.8,0.0,0.799789
2.8532e-07,0.8,0.0,0.8,0.8,0.0,0.799885
2.85448e-07,0.8,0.0,0.8,0.8,0.0,0.7998827
2.85704e-07,0.8,0.0,0.8,0.8,0.0,0.7998843
2.86216e-07,0.8,0.0,0.8,0.8,0.0,0.7999267
2.8724e-07,0.8,0.0,0.8,0.8,0.0,0.7999296
2.886542e-07,0.8,0.0,0.8,0.8,0.0,0.7999217
2.9e-07,0.8,0.0,0.8,0.8,0.0,0.7999296
2.9001e-07,0.8,0.08,0.8,0.8,0.0,0.8000156
2.9003e-07,0.8,0.24,0.8,0.8,0.0,0.8001444
2.9007e-07,0.8,0.56,0.8,0.8,0.0,0.8001778
2.901e-07,0.8,0.8,0.8,0.8,0.0,0.799972
2.90108e-07,0.8,0.8,0.8,0.8,0.0,0.7998806
2.90124e-07,0.8,0.8,0.8,0.8,0.0,0.7997393
2.90156e-07,0.8,0.8,0.8,0.8,0.0,0.7996675
2.9022e-07,0.8,0.8,0.8,0.8,0.0,0.7998045
2.90348e-07,0.8,0.8,0.8,0.8,0.0,0.7999791
2.905896e-07,0.8,0.8,0.8,0.8,0.0,0.7999331
2.908734e-07,0.8,0.8,0.8,0.8,0.0,0.7999292
2.914411e-07,0.8,0.8,0.8,0.8,0.0,0.7999235
2.925766e-07,0.8,0.8,0.8,0.8,0.0,0.7999268
2.948474e-07,0.8,0.8,0.8,0.8,0.0,0.7999249
2.951e-07,0.8,0.8,0.8,0.8,0.0,0.7999253
2.9511e-07,0.8,0.72,0.8,0.8,0.0,0.7998896
2.9513e-07,0.8,0.56,0.8,0.8,0.0,0.7998045
2.9517e-07,0.8,0.24,0.8,0.8,0.0,0.7996894
2.952e-07,0.8,0.0,0.8,0.8,0.0,0.7997252
2.95208e-07,0.8,0.0,0.8,0.8,0.0,0.7998135
2.95224e-07,0.8,0.0,0.8,0.8,0.0,0.7999513
2.95256e-07,0.8,0.0,0.8,0.8,0.0,0.8000739
2.9532e-07,0.8,0.0,0.8,0.8,0.0,0.8000754
2.95448e-07,0.8,0.0,0.8,0.8,0.0,0.799962
2.95704e-07,0.8,0.0,0.8,0.8,0.0,0.7998911
2.96216e-07,0.8,0.0,0.8,0.8,0.0,0.7999247
2.971e-07,0.8,0.0,0.8,0.8,0.0,0.799931
2.9711e-07,0.8,0.0,0.72,0.8,0.0,0.7948873
2.9713e-07,0.8,0.0,0.56,0.8,0.0,0.7852805
2.9717e-07,0.8,0.0,0.24,0.8,0.0,0.7643469
2.972e-07,0.8,0.0,0.0,0.8,0.0,0.7441133
2.97208e-07,0.8,0.0,0.0,0.8,0.0,0.74203
2.97224e-07,0.8,0.0,0.0,0.8,0.0,0.7386929
2.97256e-07,0.8,0.0,0.0,0.8,0.0,0.7363464
2.9732e-07,0.8,0.0,0.0,0.8,0.0,0.744405
2.97448e-07,0.8,0.0,0.0,0.8,0.0,0.7717446
2.97704e-07,0.8,0.0,0.0,0.8,0.0,0.7957328
2.981545e-07,0.8,0.0,0.0,0.8,0.0,0.8001613
2.986764e-07,0.8,0.0,0.0,0.8,0.0,0.7998694
2.997201e-07,0.8,0.0,0.0,0.8,0.0,0.7997918
3e-07,0.8,4.235165e-13,0.0,0.8,0.0,0.7999478
3.0001e-07,0.8,0.08,0.0,0.8,0.0,0.8000093
3.0003e-07,0.8,0.24,0.0,0.8,0.0,0.8000873
3.0007e-07,0.8,0.56,0.0,0.8,0.0,0.7998262
3.001e-07,0.8,0.8,0.0,0.8,0.0,0.7991099
3.00108e-07,0.8,0.8,0.0,0.8,0.0,0.7989128
3.00124e-07,0.8,0.8,0.0,0.8,0.0,0.7986279
3.00156e-07,0.8,0.8,0.0,0.8,0.0,0.7985485
3.0022e-07,0.8,0.8,0.0,0.8,0.0,0.7997173
3.00348e-07,0.8,0.8,0.0,0.8,0.0,0.8063626
3.006009e-07,0.8,0.8,0.0,0.8,0.0,0.7091892
3.008906e-07,0.8,0.8,0.0,0.8,0.0,0.1348356
3.014702e-07,0.8,0.8,0.0,0.8,0.0,-0.05668199
3.02085e-07,0.8,0.8,0.0,0.8,0.0,0.04823446
3.032954e-07,0.8,0.8,0.0,0.8,0.0,-0.04118569
3.04557e-07,0.8,0.8,0.0,0.8,0.0,0.03837385
3.051e-07,0.8,0.8,0.0,0.8,0.0,-0.02899915
3.0511e-07,0.8,0.72,0.0,0.8,0.0,-0.02202417
3.0513e-07,0.8,0.56,0.0,0.8,0.0,-0.01145898
3.0517e-07,0.8,0.24,0.0,0.8,0.0,-0.002700377
3.052e-07,0.8,0.0,0.0,0.8,0.0,-0.001049508
3.05208e-07,0.8,0.0,0.0,0.8,0.0,-0.0008095098
3.05224e-07,0.8,0.0,0.0,0.8,0.0,-0.0004303085
3.05256e-07,0.8,0.0,0.0,0.8,0.0,-6.58128e-05
3.0532e-07,0.8,0.0,0.0,0.8,0.0,9.693782e-05
3.05448e-07,0.8,0.0,0.0,0.8,0.0,6.879743e-05
3.05704e-07,0.8,0.0,0.0,0.8,0.0,-4.709456e-05
3.061e-07,0.8,0.0,0.0,0.8,0.0,-6.69273e-06
3.0611e-07,0.8,0.0,0.0,0.72,0.0,-0.001826781
3.0613e-07,0.8,0.0,0.0,0.56,0.0,-0.004356945
3.0617e-07,0.8,0.0,0.0,0.24,0.0,-0.006497535
3.062e-07,0.8,0.0,0.0,0.0,0.0,-0.007296993
3.06208e-07,0.8,0.0,0.0,0.0,0.0,-0.005271873
3.06224e-07,0.8,0.0,0.0,0.0,0.0,-0.001995082
3.06256e-07,0.8,0.0,0.0,0.0,0.0,0.001229149
3.0632e-07,0.8,0.0,0.0,0.0,0.0,0.002959034
3.06448e-07,0.8,0.0,0.0,0.0,0.0,0.006282128
3.06704e-07,0.8,0.0,0.0,0.0,0.0,0.005543232
3.07e-07,0.8,0.0,4.235165e-13,0.0,0.0,0.0001175852
3.0701e-07,0.8,0.0,0.08,0.0,0.0,0.004630628
3.0703e-07,0.8,0.0,0.24,0.0,0.0,0.01261468
3.0707e-07,0.8,0.0,0.56,0.0,0.0,0.02376684
3.071e-07,0.8,0.0,0.8,0.0,0.0,0.02883696
3.07108e-07,0.8,0.0,0.8,0.0,0.0,0.02616638
3.07124e-07,0.8,0.0,0.8,0.0,0.0,0.02127919
3.07156e-07,0.8,0.0,0.8,0.0,0.0,0.01398174
3.0722e-07,0.8,0.0,0.8,0.0,0.0,0.005752065
3.07348e-07,0.8,0.0,0.8,0.0,0.0,0.00054298
3.07604e-07,0.8,0.0,0.8,0.0,0.0,-8.208101e-05
3.08116e-07,0.8,0.0,0.8,0.0,0.0,7.499375e-05
3.0914e-07,0.8,0.0,0.8,0.0,0.0,-2.954936e-05
3.1e-07,0.8,0.0,0.8,0.0,0.0,4.867764e-05
3.1001e-07,0.8,0.08,0.8,0.0,0.0,7.823007e-05
3.1003e-07,0.8,0.24,0.8,0.0,0.0,0.0001329578
3.1007e-07,0.8,0.56,0.8,0.0,0.0,0.0001069557
3.101e-07,0.8,0.8,0.8,0.0,0.0,-3.249385e-05
3.10108e-07,0.8,0.8,0.8,0.0,0.0,-9.970595e-05
3.10124e-07,0.8,0.8,0.8,0.0,0.0,-0.0001732689
3.10156e-07,0.8,0.8,0.8,0.0,0.0,-0.000122759
3.1022e-07,0.8,0.8,0.8,0.0,0.0,6.628577e-05
3.10348e-07,0.8,0.8,0.8,0.0,0.0,4.099524e-05
3.105889e-07,0.8,0.8,0.8,0.0,0.0,7.93646e-06
3.108724e-07,0.8,0.8,0.8,0.0,0.0,1.312456e-05
3.114393e-07,0.8,0.8,0.8,0.0,0.0,1.635177e-05
3.125732e-07,0.8,0.8,0.8,0.0,0.0,1.602529e-05
3.148409e-07,0.8,0.8,0.8,0.0,0.0,1.524832e-05
3.151e-07,0.8,0.8,0.8,0.0,0.0,1.308021e-05
3.1511e-07,0.8,0.72,0.8,0.0,0.0,-3.907379e-05
3.1513e-07,0.8,0.56,0.8,0.0,0.0,-0.0001020442
3.1517e-07,0.8,0.24,0.8,0.0,0.0,-0.0001163215
3.152e-07,0.8,0.0,0.8,0.0,0.0,-9.030104e-05
3.15208e-07,0.8,0.0,0.8,0.0,0.0,-4.300847e-05
3.15224e-07,0.8,0.0,0.8,0.0,0.0,2.341917e-05
3.15256e-07,0.8,0.0,0.8,0.0,0.0,7.259762e-05
3.1532e-07,0.8,0.0,0.8,0.0,0.0,9.511114e-05
3.15448e-07,0.8,0.0,0.8,0.0,0.0,8.539528e-05
3.15704e-07,0.8,0.0,0.8,0.0,0.0,-1.824721e-05
3.16216e-07,0.8,0.0,0.8,0.0,0.0,6.100888e-06
3.1724e-07,0.8,0.0,0.8,0.0,0.0,3.019568e-05
3.186554e-07,0.8,0.0,0.8,0.0,0.0,-9.626302e-08
3.2e-07,0.8,0.0,0.8,0.0,0.0,2.867876e-05
3.2001e-07,0.8,0.08,0.8,0.08,0.08,0.003388102
3.2003e-07,0.8,0.24,0.8,0.24,0.24,0.01117571
3.2007e-07,0.8,0.56,0.8,0.56,0.56,0.03066839
3.201e-07,0.8,0.8,0.8,0.8,0.8,0.04038908
3.20108e-07,0.8,0.8,0.8,0.8,0.8,0.03776409
3.20124e-07,0.8,0.8,0.8,0.8,0.8,0.02843749
3.20156e-07,0.8,0.8,0.8,0.8,0.8,0.0105046
3.2022e-07,0.8,0.8,0.8,0.8,0.8,0.004387669
3.20348e-07,0.8,0.8,0.8,0.8,0.8,0.004373918
3.205531e-07,0.8,0.8,0.8,0.8,0.8,0.001066352
3.208494e-07,0.8,0.8,0.8,0.8,0.8,0.0007932392
3.214281e-07,0.8,0.8,0.8,0.8,0.8,-0.0003545817
3.222017e-07,0.8,0.8,0.8,0.8,0.8,0.0004003934
3.23749e-07,0.8,0.8,0.8,0.8,0.8,-0.0002496805
3.251e-07,0.8,0.8,0.8,0.8,0.8,0.0003496495
3.2511e-07,0.8,0.72,0.8,0.8,0.8,0.0001979462
3.2513e-07,0.8,0.56,0.8,0.8,0.8,1.041952e-06
3.2517e-07,0.8,0.24,0.8,0.8,0.8,-9.13219e-05
3.252e-07,0.8,0.0,0.8,0.8,0.8,-5.297479e-05
3.25208e-07,0.8,0.0,0.8,0.8,0.8,2.602865e-06
3.25224e-07,0.8,0.0,0.8,0.8,0.8,6.790922e-05
3.25256e-07,0.8,0.0,0.8,0.8,0.8,0.0001489965
3.2532e-07,0.8,0.0,0.8,0.8,0.8,0.0002135047
3.25448e-07,0.8,0.0,0.8,0.8,0.8,0.0001182428
3.25704e-07,0.8,0.0,0.8,0.8,0.8,2.394747e-05
3.26216e-07,0.8,0.0,0.8,0.8,0.8,5.598857e-05
3.271e-07,0.8,0.0,0.8,0.8,0.8,7.729403e-05
3.2711e-07,0.8,0.0,0.72,0.8,0.8,-0.004826508
3.2713e-07,0.8,0.0,0.56,0.8,0.8,-0.01227455
3.2717e-07,0.8,0.0,0.24,0.8,0.8,-0.02171547
3.272e-07,0.8,0.0,0.0,0.8,0.8,-0.02933888
3.27208e-07,0.8,0.0,0.0,0.8,0.8,-0.02755655
3.27224e-07,0.8,0.0,0.0,0.8,0.8,-0.02413952
3.27256e-07,0.8,0.0,0.0,0.8,0.8,-0.01811405
3.2732e-07,0.8,0.0,0.0,0.8,0.8,-0.007839727
3.27448e-07,0.8,0.0,0.0,0.8,0.8,0.001144899
3.27704e-07,0.8,0.0,0.0,0.8,0.8,-0.0004754921
3.281475e-07,0.8,0.0,0.0,0.8,0.8,0.0002624467
3.290344e-07,0.8,0.0,0.0,0.8,0.8,-0.0001894266
3.3e-07,0.8,0.0,0.0,0.8,0.8,0.0001368975
3.3001e-07,0.8,0.08,0.0,0.8,0.8,0.000177226
3.3003e-07,0.8,0.24,0.0,0.8,0.8,0.000239568
3.3007e-07,0.8,0.56,0.0,0.8,0.8,0.0001654369
3.301e-07,0.8,0.8,0.0,0.8,0.8,-3.828303e-05
3.30108e-07,0.8,0.8,0.0,0.8,0.8,-0.0001264496
3.30124e-07,0.8,0.8,0.0,0.8,0.8,-0.0002307159
3.30156e-07,0.8,0.8,0.0,0.8,0.8,-0.000179712
3.3022e-07,0.8,0.8,0.0,0.8,0.8,8.978518e-05
3.30348e-07,0.8,0.8,0.0,0.8,0.8,3.665521e-05
3.30589e-07,0.8,0.8,0.0,0.8,0.8,-2.551429e-05
3.308724e-07,0.8,0.8,0.0,0.8,0.8,1.356731e-05
3.314393e-07,0.8,0.8,0.0,0.8,0.8,-1.103871e-05
3.325732e-07,0.8,0.8,0.0,0.8,0.8,1.075291e-05
3.348409e-07,0.8,0.8,0.0,0.8,0.8,-9.541726e-06
3.351e-07,0.8,0.8,0.0,0.8,0.8,6.701255e-06
3.3511e-07,0.8,0.72,0.0,0.8,0.8,-6.057975e-05
3.3513e-07,0.8,0.56,0.0,0.8,0.8,-0.0001452008
3.3517e-07,0.8,0.24,0.0,0.8,0.8,-0.000162534
3.352e-07,0.8,0.0,0.0,0.8,0.8,-0.0001185581
3.35208e-07,0.8,0.0,0.0,0.8,0.8,-5.938748e-05
3.35224e-07,0.8,0.0,0.0,0.8,0.8,2.812543e-05
3.35256e-07,0.8,0.0,0.0,0.8,0.8,9.385456e-05
3.3532e-07,0.8,0.0,0.0,0.8,0.8,0.00010564
3.35448e-07,0.8,0.0,0.0,0.8,0.8,6.846515e-05
3.35704e-07,0.8,0.0,0.0,0.8,0.8,-4.611151e-05
3.36216e-07,0.8,0.0,0.0,0.8,0.8,5.616245e-07
3.37e-07,0.8,0.0,0.0,0.8,0.8,1.149888e-05
3.3701e-07,0.8,0.0,0.08,0.8,0.8,0.005996329
3.3703e-07,0.8,0.0,0.24,0.8,0.8,0.01585899
3.3707e-07,0.8,0.0,0.56,0.8,0.8,0.02466295
3.371e-07,0.8,0.0,0.8,0.8,0.8,0.0253779
3.37108e-07,0.8,0.0,0.8,0.8,0.8,0.02193673
3.37124e-07,0.8,0.0,0.8,0.8,0.8,0.0162425
3.37156e-07,0.8,0.0,0.8,0.8,0.8,0.009663301
3.3722e-07,0.8,0.0,0.8,0.8,0.8,0.004639333
3.37348e-07,0.8,0.0,0.8,0.8,0.8,0.002503428
3.37604e-07,0.8,0.0,0.8,0.8,0.8,0.001010286
3.38116e-07,0.8,0.0,0.8,0.8,0.8,-0.0001081662
3.3914e-07,0.8,0.0,0.8,0.8,0.8,0.0001706563
3.4e-07,0.8,0.0,0.8,0.8,0.8,-1.131297e-05
3.4001e-07,0.8,0.08,0.8,0.8,0.8,4.157325e-05
3.4003e-07,0.8,0.24,0.8,0.8,0.8,0.0001380934
3.4007e-07,0.8,0.56,0.8,0.8,0.8,0.0001478755
3.401e-07,0.8,0.8,0.8,0.8,0.8,-1.652603e-05
3.40108e-07,0.8,0.8,0.8,0.8,0.8,-0.0001012549
3.40124e-07,0.8,0.8,0.8,0.8,0.8,-0.00018868
3.40156e-07,0.8,0.8,0.8,0.8,0.8,-0.0001238495
3.4022e-07,0.8,0.8,0.8,0.8,0.8,0.0001400475
3.40348e-07,0.8,0.8,0.8,0.8,0.8,9.873414e-05
3.405889e-07,0.8,0.8,0.8,0.8,0.8,3.713753e-05
3.408724e-07,0.8,0.8,0.8,0.8,0.8,7.253819e-05
3.414393e-07,0.8,0.8,0.8,0.8,0.8,5.178801e-05
3.425732e-07,0.8,0.8,0.8,0.8,0.8,7.006569e-05
3.448409e-07,0.8,0.8,0.8,0.8,0.8,5.250927e-05
3.451e-07,0.8,0.8,0.8,0.8,0.8,6.677232e-05
3.4511e-07,0.8,0.72,0.8,0.8,0.8,3.947821e-06
3.4513e-07,0.8,0.56,0.8,0.8,0.8,-7.892028e-05
3.4517e-07,0.8,0.24,0.8,0.8,0.8,-0.0001157414
3.452e-07,0.8,0.0,0.8,0.8,0.8,-6.39348e-05
3.45208e-07,0.8,0.0,0.8,0.8,0.8,-4.630392e-06
3.45224e-07,0.8,0.0,0.8,0.8,0.8,7.95406e-05
3.45256e-07,0.8,0.0,0.8,0.8,0.8,0.0001577953
3.4532e-07,0.8,0.0,0.8,0.8,0.8,0.0001660884
3.45448e-07,0.8,0.0,0.8,0.8,0.8,0.0001598071
3.45704e-07,0.8,0.0,0.8,0.8,0.8,-2.54175e-06
3.46216e-07,0.8,0.0,0.8,0.8,0.8,7.426787e-05
3.4724e-07,0.8,0.0,0.8,0.8,0.8,5.883523e-05
3.486554e-07,0.8,0.0,0.8,0.8,0.8,5.902754e-05
3.5e-07,0.8,4.235165e-13,0.8,0.8,0.8,6.312305e-05
3.5001e-07,0.8,0.08,0.8,0.8,0.8,0.0001060721
3.5003e-07,0.8,0.24,0.8,0.8,0.8,0.0001818583
3.5007e-07,0.8,0.56,0.8,0.8,0.8,0.0001600688
3.501e-07,0.8,0.8,0.8,0.8,0.8,-8.556668e-06
3.50108e-07,0.8,0.8,0.8,0.8,0.736,-9.734912e-05
3.50124e-07,0.8,0.8,0.8,0.8,0.608,-0.0001952206
3.50156e-07,0.8,0.8,0.8,0.8,0.352,-0.0001254939
3.502e-07,0.8,0.8,0.8,0.8,9.869883e-14,0.0001007595
3.502064e-07,0.8,0.8,0.8,0.8,0.0,0.0001209939
3.502192e-07,0.8,0.8,0.8,0.8,0.0,0.000150118
3.502448e-07,0.8,0.8,0.8,0.8,0.0,0.0001577748
3.50296e-07,0.8,0.8,0.8,0.8,0.0,0.0001280901
3.503984e-07,0.8,0.8,0.8,0.8,0.0,8.735351e-05
3.506032e-07,0.8,0.8,0.8,0.8,0.0,-1.664166e-05
3.510128e-07,0.8,0.8,0.8,0.8,0.0,2.27074e-05
3.514977e-07,0.8,0.8,0.8,0.8,0.0,0.0002012283
3.523871e-07,0.8,0.8,0.8,0.8,0.0,-8.739296e-05
3.533291e-07,0.8,0.8,0.8,0.8,0.0,0.0002057324
3.548145e-07,0.8,0.8,0.8,0.8,0.0,-8.175041e-05
3.551e-07,0.8,0.8,0.8,0.8,0.0,0.0001666218
3.5511e-07,0.8,0.72,0.8,0.8,0.0,9.541053e-05
3.5513e-07,0.8,0.56,0.8,0.8,0.0,-1.650127e-05
3.5517e-07,0.8,0.24,0.8,0.8,0.0,-9.598031e-05
3.552e-07,0.8,0.0,0.8,0.8,0.0,-6.341491e-05
3.55208e-07,0.8,0.0,0.8,0.8,0.0,-4.736627e-06
3.55224e-07,0.8,0.0,0.8,0.8,0.0,7.762511e-05
3.55256e-07,0.8,0.0,0.8,0.8,0.0,0.0001502816
3.5532e-07,0.8,0.0,0.8,0.8,0.0,0.0001560067
3.55448e-07,0.8,0.0,0.8,0.8,0.0,0.0001261131
3.55704e-07,0.8,0.0,0.8,0.8,0.0,2.562078e-05
3.56216e-07,0.8,0.0,0.8,0.8,0.0,4.934865e-05
3.568558e-07,0.8,0.0,0.8,0.8,0.0,7.998868e-05
3.571e-07,0.8,0.0,0.8,0.8,0.0,4.662855e-05
3.5711e-07,0.8,0.0,0.72,0.8,0.0,-0.004844586
3.5713e-07,0.8,0.0,0.56,0.8,0.0,-0.01227096
3.5717e-07,0.8,0.0,0.24,0.8,0.0,-0.02169355
3.572e-07,0.8,0.0,0.0,0.8,0.0,-0.02938591
3.57208e-07,0.8,0.0,0.0,0.8,0.0,-0.02762259
3.57224e-07,0.8,0.0,0.0,0.8,0.0,-0.02421841
3.57256e-07,0.8,0.0,0.0,0.8,0.0,-0.01810044
3.5732e-07,0.8,0.0,0.0,0.8,0.0,-0.007850368
3.57448e-07,0.8,0.0,0.0,0.8,0.0,0.001243519
3.57704e-07,0.8,0.0,0.0,0.8,0.0,-0.0005221989
3.581444e-07,0.8,0.0,0.0,0.8,0.0,0.0002934635
3.586717e-07,0.8,0.0,0.0,0.8,0.0,-0.0001938186
3.597264e-07,0.8,0.0,0.0,0.8,0.0,0.0001529979
3.6e-07,0.8,0.0,0.0,0.8,0.0,-4.318701e-05
3.6001e-07,0.8,0.08,0.0,0.8,0.0,-1.481897e-05
3.6003e-07,0.8,0.24,0.0,0.8,0.0,5.486169e-05
3.6007e-07,0.8,0.56,0.0,0.8,0.0,6.692347e-05
3.601e-07,0.8,0.8,0.0,0.8,0.0,-9.31402e-05
3.60108e-07,0.8,0.8,0.0,0.8,0.0,-0.0001746145
3.60124e-07,0.8,0.8,0.0,0.8,0.0,-0.0002652972
3.60156e-07,0.8,0.8,0.0,0.8,0.0,-0.0001896748
3.6022e-07,0.8,0.8,0.0,0.8,0.0,8.84704e-05
3.60348e-07,0.8,0.8,0.0,0.8,0.0,3.611876e-05
3.605892e-07,0.8,0.8,0.0,0.8,0.0,-2.437553e-05
3.608731e-07,0.8,0.8,0.0,0.8,0.0,1.283623e-05
3.614408e-07,0.8,0.8,0.0,0.8,0.0,-1.026014e-05
3.625763e-07,0.8,0.8,0.0,0.8,0.0,1.013551e-05
3.648471e-07,0.8,0.8,0.0,0.8,0.0,-8.98853e-06
3.651e-07,0.8,0.8,0.0,0.8,0.0,6.54739e-06
3.6511e-07,0.8,0.72,0.0,0.8,0.0,-6.025019e-05
3.6513e-07,0.8,0.56,0.0,0.8,0.0,-0.0001446049
3.6517e-07,0.8,0.24,0.0,0.8,0.0,-0.000162697
3.652e-07,0.8,0.0,0.0,0.8,0.0,-0.0001187087
3.65208e-07,0.8,0.0,0.0,0.8,0.0,-5.908725e-05
3.65224e-07,0.8,0.0,0.0,0.8,0.0,2.871453e-05
3.65256e-07,0.8,0.0,0.0,0.8,0.0,9.382245e-05
3.6532e-07,0.8,0.0,0.0,0.8,0.0,0.0001051616
3.65448e-07,0.8,0.0,0.0,0.8,0.0,6.850589e-05
3.65704e-07,0.8,0.0,0.0,0.8,0.0,-4.621598e-05
3.66216e-07,0.8,0.0,0.0,0.8,0.0,6.461521e-07
3.67e-07,0.8,0.0,0.0,0.8,0.0,1.140799e-05
3.6701e-07,0.8,0.0,0.08,0.8,0.0,0.005993589
3.6703e-07,0.8,0.0,0.24,0.8,0.0,0.01584424
3.6707e-07,0.8,0.0,0.56,0.8,0.0,0.0246478
3.671e-07,0.8,0.0,0.8,0.8,0.0,0.02537204
3.67108e-07,0.8,0.0,0.8,0.8,0.0,0.02191672
3.67124e-07,0.8,0.0,0.8,0.8,0.0,0.01619546
3.67156e-07,0.8,0.0,0.8,0.8,0.0,0.009572897
3.6722e-07,0.8,0.0,0.8,0.8,0.0,0.004533143
3.67348e-07,0.8,0.0,0.8,0.8,0.0,0.002372038
3.67604e-07,0.8,0.0,0.8,0.8,0.0,0.001004997
3.679228e-07,0.8,0.0,0.8,0.8,0.0,0.0002628157
3.685604e-07,0.8,0.0,0.8,0.8,0.0,-1.663406e-05
3.691726e-07,0.8,0.0,0.8,0.8,0.0,9.487393e-05
3.7e-07,0.8,0.0,0.8,0.8,0.0,3.770896e-05
3.7001e-07,0.8,0.08,0.8,0.8,0.0,7.098849e-05
3.7003e-07,0.8,0.24,0.8,0.8,0.0,0.0001788532
3.7007e-07,0.8,0.56,0.8,0.8,0.0,0.0004247483
3.701e-07,0.8,0.8,0.8,0.8,0.0,0.0005807743
3.70108e-07,0.8,0.8,0.8,0.8,0.0,0.000528982
3.70124e-07,0.8,0.8,0.8,0.8,0.0,0.0004111694
3.70156e-07,0.8,0.8,0.8,0.8,0.0,5.512233e-05
3.7022e-07,0.8,0.8,0.8,0.8,0.0,-0.00140894
3.70348e-07,0.8,0.8,0.8,0.8,0.0,-0.005637245
3.70604e-07,0.8,0.8,0.8,0.8,0.0,0.05052683
3.708777e-07,0.8,0.8,0.8,0.8,0.0,0.3937131
3.714252e-07,0.8,0.8,0.8,0.8,0.0,0.8076346
3.722995e-07,0.8,0.8,0.8,0.8,0.0,0.7953944
3.733e-07,0.8,0.8,0.8,0.8,0.0,0.8029531
3.750305e-07,0.8,0.8,0.8,0.8,0.0,0.7975456
3.751e-07,0.8,0.8,0.8,0.8,0.0,0.7991672
3.7511e-07,0.8,0.72,0.8,0.8,0.0,0.7991753
3.7513e-07,0.8,0.56,0.8,0.8,0.0,0.7991749
3.7517e-07,0.8,0.24,0.8,0.8,0.0,0.7991982
3.752e-07,0.8,0.0,0.8,0.8,0.0,0.799319
3.75208e-07,0.8,0.0,0.8,0.8,0.0,0.799428
3.75224e-07,0.8,0.0,0.8,0.8,0.0,0.7996049
3.75256e-07,0.8,0.0,0.8,0.8,0.0,0.7997873
3.7532e-07,0.8,0.0,0.8,0.8,0.0,0.7998838
3.75448e-07,0.8,0.0,0.8,0.8,0.0,0.7998821
3.75704e-07,0.8,0.0,0.8,0.8,0.0,0.7998842
3.76216e-07,0.8,0.0,0.8,0.8,0.0,0.7999267
3.7724e-07,0.8,0.0,0.8,0.8,0.0,0.7999296
3.786542e-07,0.8,0.0,0.8,0.8,0.0,0.7999217
3.8e-07,0.8,0.0,0.8,0.8,0.0,0.7999296
3.8001e-07,0.8,0.08,0.8,0.8,0.0,0.8000161
3.8003e-07,0.8,0.24,0.8,0.8,0.0,0.8001449
3.8007e-07,0.8,0.56,0.8,0.8,0.0,0.8001745
3.801e-07,0.8,0.8,0.8,0.8,0.0,0.7999695
3.80108e-07,0.8,0.8,0.8,0.8,0.0,0.7998782
3.80124e-07,0.8,0.8,0.8,0.8,0.0,0.7997371
3.80156e-07,0.8,0.8,0.8,0.8,0.0,0.7996656
3.8022e-07,0.8,0.8,0.8,0.8,0.0,0.7998032
3.80348e-07,0.8,0.8,0.8,0.8,0.0,0.7999785
3.805896e-07,0.8,0.8,0.8,0.8,0.0,0.799933
3.808734e-07,0.8,0.8,0.8,0.8,0.0,0.7999291
3.814411e-07,0.8,0.8,0.8,0.8,0.0,0.7999235
3.825766e-07,0.8,0.8,0.8,0.8,0.0,0.7999268
3.848474e-07,0.8,0.8,0.8,0.8,0.0,0.7999249
3.851e-07,0.8,0.8,0.8,0.8,0.0,0.7999253
3.8511e-07,0.8,0.72,0.8,0.8,0.0,0.7998896
3.8513e-07,0.8,0.56,0.8,0.8,0.0,0.7998045
3.8517e-07,0.8,0.24,0.8,0.8,0.0,0.7996894
3.852e-07,0.8,0.0,0.8,0.8,0.0,0.7997252
3.85208e-07,0.8,0.0,0.8,0.8,0.0,0.7998135
3.85224e-07,0.8,0.0,0.8,0.8,0.0,0.7999514
3.85256e-07,0.8,0.0,0.8,0.8,0.0,0.800074
3.8532e-07,0.8,0.0,0.8,0.8,0.0,0.8000754
3.85448e-07,0.8,0.0,0.8,0.8,0.0,0.799962
3.85704e-07,0.8,0.0,0.8,0.8,0.0,0.799891
3.861e-07,0.8,0.0,0.8,0.8,0.0,0.7999195
3.8611e-07,0.8,0.0,0.8,0.72,0.0,0.7972023
3.8613e-07,0.8,0.0,0.8,0.56,0.0,0.7887206
3.8617e-07,0.8,0.0,0.8,0.24,0.0,0.7648103
3.862e-07,0.8,0.0,0.8,0.0,0.0,0.7496337
3.86208e-07,0.8,0.0,0.8,0.0,0.0,0.7523208
3.86224e-07,0.8,0.0,0.8,0.0,0.0,0.757541
3.86256e-07,0.8,0.0,0.8,0.0,0.0,0.7668763
3.8632e-07,0.8,0.0,0.8,0.0,0.0,0.7817724
3.86448e-07,0.8,0.0,0.8,0.0,0.0,0.8003823
3.86704e-07,0.8,0.0,0.8,0.0,0.0,0.8100859
3.871e-07,0.8,0.0,0.8,0.0,0.0,0.8045342
3.8711e-07,0.8,0.0,0.72,0.0,0.0,0.7998087
3.8713e-07,0.8,0.0,0.56,0.0,0.0,0.7912759
3.8717e-07,0.8,0.0,0.24,0.0,0.0,0.7751118
3.872e-07,0.8,0.0,0.0,0.0,0.0,0.7638037
3.87208e-07,0.8,0.0,0.0,0.0,0.0,0.7644648
3.87224e-07,0.8,0.0,0.0,0.0,0.0,0.7657552
3.87256e-07,0.8,0.0,0.0,0.0,0.0,0.7681145
3.8732e-07,0.8,0.0,0.0,0.0,0.0,0.772279
3.87448e-07,0.8,0.0,0.0,0.0,0.0,0.7790163
3.87704e-07,0.8,0.0,0.0,0.0,0.0,0.7880809
3.88216e-07,0.8,0.0,0.0,0.0,0.0,0.7964743
3.8924e-07,0.8,0.0,0.0,0.0,0.0,0.7998579
3.9e-07,0.8,0.0,0.0,0.0,0.0,0.7996488
3.9001e-07,0.8,0.08,0.0,0.0,0.0,0.7997217
3.9003e-07,0.8,0.24,0.0,0.0,0.0,0.7998244
3.9007e-07,0.8,0.56,0.0,0.0,0.0,0.7998403
3.901e-07,0.8,0.8,0.0,0.0,0.0,0.7996643
3.90108e-07,0.8,0.8,0.0,0.0,0.0,0.7995849
3.90124e-07,0.8,0.8,0.0,0.0,0.0,0.7994676
3.90156e-07,0.8,0.8,0.0,0.0,0.0,0.7994254
3.9022e-07,0.8,0.8,0.0,0.0,0.0,0.7995612
3.90348e-07,0.8,0.8,0.0,0.0,0.0,0.7997007
3.905894e-07,0.8,0.8,0.0,0.0,0.0,0.7996336
3.908729e-07,0.8,0.8,0.0,0.0,0.0,0.799641
3.914398e-07,0.8,0.8,0.0,0.0,0.0,0.799629
3.925736e-07,0.8,0.8,0.0,0.0,0.0,0.7996344
3.948412e-07,0.8,0.8,0.0,0.0,0.0,0.7996307
3.951e-07,0.8,0.8,0.0,0.0,0.0,0.7996329
3.9511e-07,0.8,0.72,0.0,0.0,0.0,0.7996021
3.9513e-07,0.8,0.56,0.0,0.0,0.0,0.7995308
3.9517e-07,0.8,0.24,0.0,0.0,0.0,0.7994441
3.952e-07,0.8,0.0,0.0,0.0,0.0,0.7994831
3.95208e-07,0.8,0.0,0.0,0.0,0.0,0.7995623
3.95224e-07,0.8,0.0,0.0,0.0,0.0,0.7996794
3.95256e-07,0.8,0.0,0.0,0.0,0.0,0.7997706
3.9532e-07,0.8,0.0,0.0,0.0,0.0,0.7997487
3.95448e-07,0.8,0.0,0.0,0.0,0.0,0.7996502
3.95704e-07,0.8,0.0,0.0,0.0,0.0,0.799612
3.96216e-07,0.8,0.0,0.0,0.0,0.0,0.7996329
3.97e-07,0.8,0.0,0.0,0.0,0.0,0.7996359
3.9701e-07,0.8,0.0,0.08,0.0,0.0,0.8043805
3.9703e-07,0.8,0.0,0.24,0.0,0.0,0.8135722
3.9707e-07,0.8,0.0,0.56,0.0,0.0,0.8303767
3.971e-07,0.8,0.0,0.8,0.0,0.0,0.8416933
3.97108e-07,0.8,0.0,0.8,0.0,0.0,0.8407986
3.97124e-07,0.8,0.0,0.8,0.0,0.0,0.8390669
3.97156e-07,0.8,0.0,0.8,0.0,0.0,0.835901
3.9722e-07,0.8,0.0,0.8,0.0,0.0,0.8304414
3.97348e-07,0.8,0.0,0.8,0.0,0.0,0.8220341
3.97604e-07,0.8,0.0,0.8,0.0,0.0,0.8115361
3.98116e-07,0.8,0.0,0.8,0.0,0.0,0.802744
3.9914e-07,0.8,0.0,0.8,0.0,0.0,0.7996699
4e-07,0.8,0.0,0.8,0.0,0.0,0.799928
4.0001e-07,0.8,0.08,0.8,0.08,0.0,0.8081816
4.0003e-07,0.8,0.24,0.8,0.24,0.0,0.8236356
4.0007e-07,0.8,0.56,0.8,0.56,0.0,0.8460223
4.001e-07,0.8,0.8,0.8,0.8,0.0,0.8442095
4.00108e-07,0.8,0.8,0.8,0.8,0.0,0.8390958
4.00124e-07,0.8,0.8,0.8,0.8,0.0,0.8301791
4.00156e-07,0.8,0.8,0.8,0.8,0.0,0.8189865
4.0022e-07,0.8,0.8,0.8,0.8,0.0,0.8097692
4.00348e-07,0.8,0.8,0.8,0.8,0.0,0.804501
4.005468e-07,0.8,0.8,0.8,0.8,0.0,0.8011675
4.008453e-07,0.8,0.8,0.8,0.8,0.0,0.8000354
4.014424e-07,0.8,0.8,0.8,0.8,0.0,0.7999091
4.026365e-07,0.8,0.8,0.8,0.8,0.0,0.799933
4.050247e-07,0.8,0.8,0.8,0.8,0.0,0.7999215
4.051e-07,0.8,0.8,0.8,0.8,0.0,0.7999194
4.0511e-07,0.8,0.72,0.8,0.8,0.0,0.7998851
4.0513e-07,0.8,0.56,0.8,0.8,0.0,0.7998027
4.0517e-07,0.8,0.24,0.8,0.8,0.0,0.7996916
4.052e-07,0.8,0.0,0.8,0.8,0.0,0.7997266
4.05208e-07,0.8,0.0,0.8,0.8,0.0,0.7998153
4.05224e-07,0.8,0.0,0.8,0.8,0.0,0.7999535
4.05256e-07,0.8,0.0,0.8,0.8,0.0,0.8000752
4.0532e-07,0.8,0.0,0.8,0.8,0.0,0.800075
4.05448e-07,0.8,0.0,0.8,0.8,0.0,0.7999615
4.05704e-07,0.8,0.0,0.8,0.8,0.0,0.7998908
4.06216e-07,0.8,0.0,0.8,0.8,0.0,0.7999247
4.0724e-07,0.8,0.0,0.8,0.8,0.0,0.7999307
4.086542e-07,0.8,0.0,0.8,0.8,0.0,0.7999211
4.1e-07,0.8,0.0,0.8,0.8,0.0,0.79993
4.1001e-07,0.8,0.08,0.8,0.8,0.0,0.8000172
4.1003e-07,0.8,0.24,0.8,0.8,0.0,0.8001466
4.1007e-07,0.8,0.56,0.8,0.8,0.0,0.8001756
4.101e-07,0.8,0.8,0.8,0.8,0.0,0.7999702
4.10108e-07,0.8,0.8,0.8,0.8,0.0,0.7998791
4.10124e-07,0.8,0.8,0.8,0.8,0.0,0.7997382
4.10156e-07,0.8,0.8,0.8,0.8,0.0,0.7996664
4.1022e-07,0.8,0.8,0.8,0.8,0.0,0.7998032
4.10348e-07,0.8,0.8,0.8,0.8,0.0,0.7999784
4.105896e-07,0.8,0.8,0.8,0.8,0.0,0.799933
4.108734e-07,0.8,0.8,0.8,0.8,0.0,0.7999292
4.114411e-07,0.8,0.8,0.8,0.8,0.0,0.7999234
4.125766e-07,0.8,0.8,0.8,0.8,0.0,0.7999268
4.148474e-07,0.8,0.8,0.8,0.8,0.0,0.7999248
4.151e-07,0.8,0.8,0.8,0.8,0.0,0.7999257
4.1511e-07,0.8,0.72,0.8,0.8,0.0,0.7998903
4.1513e-07,0.8,0.56,0.8,0.8,0.0,0.7998055
4.1517e-07,0.8,0.24,0.8,0.8,0.0,0.7996911
4.152e-07,0.8,0.0,0.8,0.8,0.0,0.7997265
4.15208e-07,0.8,0.0,0.8,0.8,0.0,0.799815
4.15224e-07,0.8,0.0,0.8,0.8,0.0,0.7999529
4.15256e-07,0.8,0.0,0.8,0.8,0.0,0.8000751
4.1532e-07,0.8,0.0,0.8,0.8,0.0,0.8000757
4.15448e-07,0.8,0.0,0.8,0.8,0.0,0.7999619
4.15704e-07,0.8,0.0,0.8,0.8,0.0,0.799891
4.16216e-07,0.8,0.0,0.8,0.8,0.0,0.7999247
4.171e-07,0.8,0.0,0.8,0.8,0.0,0.799931
4.1711e-07,0.8,0.0,0.72,0.8,0.0,0.7948927
4.1713e-07,0.8,0.0,0.56,0.8,0.0,0.7853033
4.1717e-07,0.8,0.0,0.24,0.8,0.0,0.7644044
4.172e-07,0.8,0.0,0.0,0.8,0.0,0.7442073
4.17208e-07,0.8,0.0,0.0,0.8,0.0,0.7421303
4.17224e-07,0.8,0.0,0.0,0.8,0.0,0.7388025
4.17256e-07,0.8,0.0,0.0,0.8,0.0,0.7364579
4.1732e-07,0.8,0.0,0.0,0.8,0.0,0.7444503
4.17448e-07,0.8,0.0,0.0,0.8,0.0,0.7717689
4.17704e-07,0.8,0.0,0.0,0.8,0.0,0.7957416
4.181535e-07,0.8,0.0,0.0,0.8,0.0,0.8001591
4.186757e-07,0.8,0.0,0.0,0.8,0.0,0.7998728
4.197201e-07,0.8,0.0,0.0,0.8,0.0,0.7997947
4.2e-07,0.8,0.0,0.0,0.8,0.0,0.7999506
4.2001e-07,0.8,0.08,0.0,0.8,0.08,0.8000189
4.2003e-07,0.8,0.24,0.0,0.8,0.24,0.800101
4.2007e-07,0.8,0.56,0.0,0.8,0.56,0.799802
4.201e-07,0.8,0.8,0.0,0.8,0.8,0.7990142
4.20108e-07,0.8,0.8,0.0,0.8,0.8,0.7987997
4.20124e-07,0.8,0.8,0.0,0.8,0.8,0.798507
4.20156e-07,0.8,0.8,0.0,0.8,0.8,0.7984974
4.2022e-07,0.8,0.8,0.0,0.8,0.8,0.7997919
4.20348e-07,0.8,0.8,0.0,0.8,0.8,0.8064223
4.205479e-07,0.8,0.8,0.0,0.8,0.8,0.7676773
4.208549e-07,0.8,0.8,0.0,0.8,0.8,0.1754835
4.21469e-07,0.8,0.8,0.0,0.8,0.8,-0.06280604
4.22074e-07,0.8,0.8,0.0,0.8,0.8,0.05372591
4.232841e-07,0.8,0.8,0.0,0.8,0.8,-0.0455681
4.24496e-07,0.8,0.8,0.0,0.8,0.8,0.04244169
4.251e-07,0.8,0.8,0.0,0.8,0.8,-0.03275223
4.2511e-07,0.8,0.72,0.0,0.8,0.8,-0.02486533
4.2513e-07,0.8,0.56,0.0,0.8,0.8,-0.01291459
4.2517e-07,0.8,0.24,0.0,0.8,0.8,-0.003021345
4.252e-07,0.8,0.0,0.0,0.8,0.8,-0.001163177
4.25208e-07,0.8,0.0,0.0,0.8,0.8,-0.0009003964
4.25224e-07,0.8,0.0,0.0,0.8,0.8,-0.0004867644
4.25256e-07,0.8,0.0,0.0,0.8,0.8,-8.666144e-05
4.2532e-07,0.8,0.0,0.0,0.8,0.8,9.537396e-05
4.25448e-07,0.8,0.0,0.0,0.8,0.8,6.849754e-05
4.25704e-07,0.8,0.0,0.0,0.8,0.8,-4.736289e-05
4.26216e-07,0.8,0.0,0.0,0.8,0.8,1.610058e-06
4.27e-07,0.8,0.0,4.235165e-13,0.8,0.8,1.066765e-05
4.2701e-07,0.8,0.0,0.08,0.8,0.8,0.00598548
4.2703e-07,0.8,0.0,0.24,0.8,0.8,0.01583282
4.2707e-07,0.8,0.0,0.56,0.8,0.8,0.02462382
4.271e-07,0.8,0.0,0.8,0.8,0.8,0.02534697
4.27108e-07,0.8,0.0,0.8,0.8,0.8,0.02189739
4.27124e-07,0.8,0.0,0.8,0.8,0.8,0.01618405
4.27156e-07,0.8,0.0,0.8,0.8,0.8,0.009576427
4.2722e-07,0.8,0.0,0.8,0.8,0.8,0.004454955
4.27348e-07,0.8,0.0,0.8,0.8,0.8,0.002396603
4.27604e-07,0.8,0.0,0.8,0.8,0.8,0.001234488
4.279933e-07,0.8,0.0,0.8,0.8,0.8,-0.0001512024
4.285403e-07,0.8,0.0,0.8,0.8,0.8,0.0002573466
4.296343e-07,0.8,0.0,0.8,0.8,0.8,-0.0001268234
4.3e-07,0.8,0.0,0.8,0.8,0.8,0.0002086346
4.3001e-07,0.8,0.08,0.8,0.8,0.8,0.0001956442
4.3003e-07,0.8,0.24,0.8,0.8,0.8,0.0002031962
4.3007e-07,0.8,0.56,0.8,0.8,0.8,0.0001598948
4.301e-07,0.8,0.8,0.8,0.8,0.8,-8.073756e-06
4.30108e-07,0.8,0.8,0.8,0.8,0.8,-9.36398e-05
4.30124e-07,0.8,0.8,0.8,0.8,0.8,-0.0001827477
4.30156e-07,0.8,0.8,0.8,0.8,0.8,-0.0001210733
4.3022e-07,0.8,0.8,0.8,0.8,0.8,0.000142129
4.30348e-07,0.8,0.8,0.8,0.8,0.8,9.858615e-05
4.305889e-07,0.8,0.8,0.8,0.8,0.8,3.500906e-05
4.308724e-07,0.8,0.8,0.8,0.8,0.8,7.139041e-05
4.314393e-07,0.8,0.8,0.8,0.8,0.8,4.804686e-05
4.325732e-07,0.8,0.8,0.8,0.8,0.8,6.841946e-05
4.348408e-07,0.8,0.8,0.8,0.8,0.8,4.911575e-05
4.351e-07,0.8,0.8,0.8,0.8,0.8,6.474481e-05
4.3511e-07,0.8,0.72,0.8,0.8,0.8,1.277051e-06
4.3513e-07,0.8,0.56,0.8,0.8,0.8,-8.178726e-05
4.3517e-07,0.8,0.24,0.8,0.8,0.8,-0.0001186872
4.352e-07,0.8,0.0,0.8,0.8,0.8,-6.656304e-05
4.35208e-07,0.8,0.0,0.8,0.8,0.8,-7.258673e-06
4.35224e-07,0.8,0.0,0.8,0.8,0.8,7.706101e-05
4.35256e-07,0.8,0.0,0.8,0.8,0.8,0.0001553733
4.3532e-07,0.8,0.0,0.8,0.8,0.8,0.0001636932
4.35448e-07,0.8,0.0,0.8,0.8,0.8,0.0001573683
4.35704e-07,0.8,0.0,0.8,0.8,0.8,-5.103872e-06
4.36216e-07,0.8,0.0,0.8,0.8,0.8,7.186951e-05
4.3724e-07,0.8,0.0,0.8,0.8,0.8,5.63657e-05
4.386554e-07,0.8,0.0,0.8,0.8,0.8,5.670468e-05
4.4e-07,0.8,0.0,0.8,0.8,0.8,6.072884e-05
4.4001e-07,0.8,0.08,0.8,0.8,0.8,0.0001034379
4.4003e-07,0.8,0.24,0.8,0.8,0.8,0.0001790734
4.4007e-07,0.8,0.56,0.8,0.8,0.8,0.0001581292
4.401e-07,0.8,0.8,0.8,0.8,0.8,-1.07795e-05
4.40108e-07,0.8,0.8,0.8,0.8,0.8,-9.43332e-05
4.40124e-07,0.8,0.8,0.8,0.8,0.8,-0.0001769106
4.40156e-07,0.8,0.8,0.8,0.8,0.8,-0.0001225885
4.4022e-07,0.8,0.8,0.8,0.8,0.8,0.0001374321
4.40348e-07,0.8,0.8,0.8,0.8,0.8,9.841339e-05
4.405891e-07,0.8,0.8,0.8,0.8,0.8,3.339422e-05
4.408729e-07,0.8,0.8,0.8,0.8,0.8,7.000652e-05
4.414407e-07,0.8,0.8,0.8,0.8,0.8,4.796204e-05
4.425762e-07,0.8,0.8,0.8,0.8,0.8,6.719845e-05
4.448471e-07,0.8,0.8,0.8,0.8,0.8,4.908036e-05
4.451e-07,0.8,0.8,0.8,0.8,0.8,6.354209e-05
4.4511e-07,0.8,0.72,0.8,0.8,0.8,1.229327e-06
4.4513e-07,0.8,0.56,0.8,0.8,0.8,-5.939411e-05
4.4517e-07,0.8,0.24,0.8,0.8,0.8,-9.840213e-05
4.452e-07,0.8,0.0,0.8,0.8,0.8,-0.0001113004
4.45208e-07,0.8,0.0,0.8,0.8,0.8,-4.606199e-05
4.45224e-07,0.8,0.0,0.8,0.8,0.8,5.543964e-05
4.45256e-07,0.8,0.0,0.8,0.8,0.8,0.0001388774
4.4532e-07,0.8,0.0,0.8,0.8,0.8,0.0001610237
4.45448e-07,0.8,0.0,0.8,0.8,0.8,0.0001262292
4.45704e-07,0.8,0.0,0.8,0.8,0.8,1.183417e-05
4.46216e-07,0.8,0.0,0.8,0.8,0.8,5.769277e-05
4.471e-07,0.8,0.0,0.8,0.8,0.8,6.854038e-05
4.4711e-07,0.8,0.0,0.72,0.8,0.8,-0.00482176
4.4713e-07,0.8,0.0,0.56,0.8,0.8,-0.01224363
4.4717e-07,0.8,0.0,0.24,0.8,0.8,-0.02163776
4.472e-07,0.8,0.0,0.0,0.8,0.8,-0.02922118
4.47208e-07,0.8,0.0,0.0,0.8,0.8,-0.02744031
4.47224e-07,0.8,0.0,0.0,0.8,0.8,-0.02403688
4.47256e-07,0.8,0.0,0.0,0.8,0.8,-0.01805677
4.4732e-07,0.8,0.0,0.0,0.8,0.8,-0.00786058
4.47448e-07,0.8,0.0,0.0,0.8,0.8,0.001138452
4.47704e-07,0.8,0.0,0.0,0.8,0.8,-0.0004705536
4.481469e-07,0.8,0.0,0.0,0.8,0.8,0.0002581124
4.490326e-07,0.8,0.0,0.0,0.8,0.8,-0.0001854688
4.5e-07,0.8,0.0,0.0,0.8,0.8,0.000133429
4.5001e-07,0.8,0.08,0.0,0.8,0.8,0.0001747766
4.5003e-07,0.8,0.24,0.0,0.8,0.8,0.0002385462
4.5007e-07,0.8,0.56,0.0,0.8,0.8,0.0001652257
4.501e-07,0.8,0.8,0.0,0.8,0.8,-3.843972e-05
4.50108e-07,0.8,0.8,0.0,0.8,0.736,-0.0001321627
4.50124e-07,0.8,0.8,0.0,0.8,0.608,-0.0002405777
4.50156e-07,0.8,0.8,0.0,0.8,0.352,-0.0001789931
4.502e-07,0.8,0.8,0.0,0.8,9.869883e-14,5.780219e-05
4.502064e-07,0.8,0.8,0.0,0.8,0.0,8.341226e-05
4.502192e-07,0.8,0.8,0.0,0.8,0.0,0.0001169856
4.502448e-07,0.8,0.8,0.0,0.8,0.0,0.0001180482
4.50296e-07,0.8,0.8,0.0,0.8,0.0,5.527212e-05
4.503984e-07,0.8,0.8,0.0,0.8,0.0,-1.128026e-05
4.506032e-07,0.8,0.8,0.0,0.8,0.0,-6.115878e-06
4.510128e-07,0.8,0.8,0.0,0.8,0.0,5.348998e-06
4.51832e-07,0.8,0.8,0.0,0.8,0.0,-6.964005e-06
4.528778e-07,0.8,0.8,0.0,0.8,0.0,6.773426e-06
4.547068e-07,0.8,0.8,0.0,0.8,0.0,-5.198132e-06
4.551e-07,0.8,0.8,0.0,0.8,0.0,2.417258e-06
4.5511e-07,0.8,0.72,0.0,0.8,0.0,-6.311612e-05
4.5513e-07,0.8,0.56,0.0,0.8,0.0,-0.0001456631
4.5517e-07,0.8,0.24,0.0,0.8,0.0,-0.0001608325
4.552e-07,0.8,0.0,0.0,0.8,0.0,-0.0001175978
4.55208e-07,0.8,0.0,0.0,0.8,0.0,-5.898991e-05
4.55224e-07,0.8,0.0,0.0,0.8,0.0,2.823066e-05
4.55256e-07,0.8,0.0,0.0,0.8,0.0,9.442412e-05
4.5532e-07,0.8,0.0,0.0,0.8,0.0,0.0001062361
4.55448e-07,0.8,0.0,0.0,0.8,0.0,6.834371e-05
4.55704e-07,0.8,0.0,0.0,0.8,0.0,-4.607902e-05
4.56216e-07,0.8,0.0,0.0,0.8,0.0,5.739528e-07
4.57e-07,0.8,0.0,0.0,0.8,0.0,1.148154e-05
4.5701e-07,0.8,0.0,0.08,0.8,0.0,0.005983368
4.5703e-07,0.8,0.0,0.24,0.8,0.0,0.01582195
4.5707e-07,0.8,0.0,0.56,0.8,0.0,0.02459705
4.571e-07,0.8,0.0,0.8,0.8,0.0,0.0253228
4.57108e-07,0.8,0.0,0.8,0.8,0.0,0.02187401
4.57124e-07,0.8,0.0,0.8,0.8,0.0,0.01616253
4.57156e-07,0.8,0.0,0.8,0.8,0.0,0.009551953
4.5722e-07,0.8,0.0,0.8,0.8,0.0,0.004524939
4.57348e-07,0.8,0.0,0.8,0.8,0.0,0.002372602
4.57604e-07,0.8,0.0,0.8,0.8,0.0,0.001002968
4.579251e-07,0.8,0.0,0.8,0.8,0.0,0.0002581468
4.585674e-07,0.8,0.0,0.8,0.8,0.0,-2.025176e-05
4.5918e-07,0.8,0.0,0.8,0.8,0.0,9.530454e-05
4.6e-07,0.8,4.235165e-13,0.8,0.8,0.0,3.348451e-05
4.6001e-07,0.8,0.08,0.8,0.8,0.0,6.808679e-05
4.6003e-07,0.8,0.24,0.8,0.8,0.0,0.0001770316
4.6007e-07,0.8,0.56,0.8,0.8,0.0,0.0004231896
4.601e-07,0.8,0.8,0.8,0.8,0.0,0.0005789939
4.60108e-07,0.8,0.8,0.8,0.8,0.0,0.0005271945
4.60124e-07,0.8,0.8,0.8,0.8,0.0,0.000409339
4.60156e-07,0.8,0.8,0.8,0.8,0.0,5.311323e-05
4.6022e-07,0.8,0.8,0.8,0.8,0.0,-0.001410514
4.60348e-07,0.8,0.8,0.8,0.8,0.0,-0.005634332
4.60604e-07,0.8,0.8,0.8,0.8,0.0,0.05037054
4.608778e-07,0.8,0.8,0.8,0.8,0.0,0.3934923
4.614253e-07,0.8,0.8,0.8,0.8,0.0,0.8076133
4.622998e-07,0.8,0.8,0.8,0.8,0.0,0.7954038
4.633002e-07,0.8,0.8,0.8,0.8,0.0,0.8029475
4.650307e-07,0.8,0.8,0.8,0.8,0.0,0.7975497
4.651e-07,0.8,0.8,0.8,0.8,0.0,0.799166
4.6511e-07,0.8,0.72,0.8,0.8,0.0,0.7991743
4.6513e-07,0.8,0.56,0.8,0.8,0.0,0.7991744
4.6517e-07,0.8,0.24,0.8,0.8,0.0,0.7991987
4.652e-07,0.8,0.0,0.8,0.8,0.0,0.7993196
4.65208e-07,0.8,0.0,0.8,0.8,0.0,0.7994286
4.65224e-07,0.8,0.0,0.8,0.8,0.0,0.7996055
4.65256e-07,0.8,0.0,0.8,0.8,0.0,0.7997879
4.6532e-07,0.8,0.0,0.8,0.8,0.0,0.7998845
4.65448e-07,0.8,0.0,0.8,0.8,0.0,0.7998824
4.65704e-07,0.8,0.0,0.8,0.8,0.0,0.7998842
4.661e-07,0.8,0.0,0.8,0.8,0.0,0.7999208
4.6611e-07,0.8,0.0,0.8,0.72,0.0,0.7972091
4.6613e-07,0.8,0.0,0.8,0.56,0.0,0.7887272
4.6617e-07,0.8,0.0,0.8,0.24,0.0,0.7648208
4.662e-07,0.8,0.0,0.8,0.0,0.0,0.749652
4.66208e-07,0.8,0.0,0.8,0.0,0.0,0.7523376
4.66224e-07,0.8,0.0,0.8,0.0,0.0,0.7575546
4.66256e-07,0.8,0.0,0.8,0.0,0.0,0.7668859
4.6632e-07,0.8,0.0,0.8,0.0,0.0,0.7817772
4.66448e-07,0.8,0.0,0.8,0.0,0.0,0.800381
4.66704e-07,0.8,0.0,0.8,0.0,0.0,0.8100782
4.67216e-07,0.8,0.0,0.8,0.0,0.0,0.8033477
4.681388e-07,0.8,0.0,0.8,0.0,0.0,0.7995127
4.691944e-07,0.8,0.0,0.8,0.0,0.0,0.8001147
4.7e-07,0.8,0.0,0.8,0.0,0.0,0.799831
4.7001e-07,0.8,0.08,0.8,0.0,0.0,0.7999134
4.7003e-07,0.8,0.24,0.8,0.0,0.0,0.8000286
4.7007e-07,0.8,0.56,0.8,0.0,0.0,0.8000541
4.701e-07,0.8,0.8,0.8,0.0,0.0,0.7998926
4.70108e-07,0.8,0.8,0.8,0.0,0.0,0.7998212
4.70124e-07,0.8,0.8,0.8,0.0,0.0,0.799716
4.70156e-07,0.8,0.8,0.8,0.0,0.0,0.7996843
4.7022e-07,0.8,0.8,0.8,0.0,0.0,0.7998346
4.70348e-07,0.8,0.8,0.8,0.0,0.0,0.7999748
4.705894e-07,0.8,0.8,0.8,0.0,0.0,0.7999183
4.708729e-07,0.8,0.8,0.8,0.0,0.0,0.7999311
4.714397e-07,0.8,0.8,0.8,0.0,0.0,0.799924
4.725734e-07,0.8,0.8,0.8,0.0,0.0,0.7999272
4.748408e-07,0.8,0.8,0.8,0.0,0.0,0.7999234
4.751e-07,0.8,0.8,0.8,0.0,0.0,0.7999266
4.7511e-07,0.8,0.72,0.8,0.0,0.0,0.7998965
4.7513e-07,0.8,0.56,0.8,0.0,0.0,0.7998259
4.7517e-07,0.8,0.24,0.8,0.0,0.0,0.7997362
4.752e-07,0.8,0.0,0.8,0.0,0.0,0.7997722
4.75208e-07,0.8,0.0,0.8,0.0,0.0,0.7998473
4.75224e-07,0.8,0.0,0.8,0.0,0.0,0.7999663
4.75256e-07,0.8,0.0,0.8,0.0,0.0,0.8000606
4.7532e-07,0.8,0.0,0.8,0.0,0.0,0.8000387
4.75448e-07,0.8,0.0,0.8,0.0,0.0,0.7999415
4.75704e-07,0.8,0.0,0.8,0.0,0.0,0.7999051
4.76216e-07,0.8,0.0,0.8,0.0,0.0,0.799926
4.771e-07,0.8,0.0,0.8,0.0,0.0,0.7999269
4.7711e-07,0.8,0.0,0.72,0.0,0.0,0.7956974
4.7713e-07,0.8,0.0,0.56,0.0,0.0,0.7873526
4.7717e-07,0.8,0.0,0.24,0.0,0.0,0.7714839
4.772e-07,0.8,0.0,0.0,0.0,0.0,0.7604077
4.77208e-07,0.8,0.0,0.0,0.0,0.0,0.7611306
4.77224e-07,0.8,0.0,0.0,0.0,0.0,0.7625406
4.77256e-07,0.8,0.0,0.0,0.0,0.0,0.7651306
4.7732e-07,0.8,0.0,0.0,0.0,0.0,0.7696896
4.77448e-07,0.8,0.0,0.0,0.0,0.0,0.7770541
4.77704e-07,0.8,0.0,0.0,0.0,0.0,0.7869628
4.78216e-07,0.8,0.0,0.0,0.0,0.0,0.7961617
4.7924e-07,0.8,0.0,0.0,0.0,0.0,0.799889
4.8e-07,0.8,0.0,0.0,0.0,0.0,0.7996608
4.8001e-07,0.8,0.08,0.0,0.08,0.0,0.8076121
4.8003e-07,0.8,0.24,0.0,0.24,0.0,0.8219221
4.8007e-07,0.8,0.56,0.0,0.56,0.0,0.8341593
4.801e-07,0.8,0.8,0.0,0.8,0.0,0.820189
4.80108e-07,0.8,0.8,0.0,0.8,0.0,0.8110737
4.80124e-07,0.8,0.8,0.0,0.8,0.0,0.7956598
4.80156e-07,0.8,0.8,0.0,0.8,0.0,0.7774578
4.8022e-07,0.8,0.8,0.0,0.8,0.0,0.7688706
4.80348e-07,0.8,0.8,0.0,0.8,0.0,0.782913
4.805163e-07,0.8,0.8,0.0,0.8,0.0,0.7944919
4.808297e-07,0.8,0.8,0.0,0.8,0.0,0.7993458
4.814566e-07,0.8,0.8,0.0,0.8,0.0,0.8000669
4.82051e-07,0.8,0.8,0.0,0.8,0.0,0.7997154
4.832397e-07,0.8,0.8,0.0,0.8,0.0,0.7999841
4.848282e-07,0.8,0.8,0.0,0.8,0.0,0.7997429
4.851e-07,0.8,0.8,0.0,0.8,0.0,0.7999148
4.8511e-07,0.8,0.72,0.0,0.8,0.0,0.7998686
4.8513e-07,0.8,0.56,0.0,0.8,0.0,0.7997644
4.8517e-07,0.8,0.24,0.0,0.8,0.0,0.7996223
4.852e-07,0.8,2.641221e-13,0.0,0.8,0.0,0.7996533
4.85208e-07,0.8,0.0,0.0,0.8,0.0,0.7997417
4.85224e-07,0.8,0.0,0.0,0.8,0.0,0.79988
4.85256e-07,0.8,0.0,0.0,0.8,0.0,0.8000022
4.8532e-07,0.8,0.0,0.0,0.8,0.0,0.8000144
4.85448e-07,0.8,0.0,0.0,0.8,0.0,0.7998908
4.85704e-07,0.8,0.0,0.0,0.8,0.0,0.799815
4.86216e-07,0.8,0.0,0.0,0.8,0.0,0.799863
4.87e-07,0.8,0.0,0.0,0.8,0.0,0.799859
4.8701e-07,0.8,0.0,0.08,0.8,0.0,0.8070107
4.8703e-07,0.8,0.0,0.24,0.8,0.0,0.8211717
4.8707e-07,0.8,0.0,0.56,0.8,0.0,0.8443104
4.871e-07,0.8,0.0,0.8,0.8,0.0,0.8560764
4.87108e-07,0.8,0.0,0.8,0.8,0.0,0.8549041
4.87124e-07,0.8,0.0,0.8,0.8,0.0,0.8525117
4.87156e-07,0.8,0.0,0.8,0.8,0.0,0.8475108
4.8722e-07,0.8,0.0,0.8,0.8,0.0,0.8378688
4.87348e-07,0.8,0.0,0.8,0.8,0.0,0.8229622
4.87604e-07,0.8,0.0,0.8,0.8,0.0,0.8079672
4.879173e-07,0.8,0.0,0.8,0.8,0.0,0.8021727
4.885439e-07,0.8,0.0,0.8,0.8,0.0,0.7995281
4.891496e-07,0.8,0.0,0.8,0.8,0.0,0.7999586
4.9e-07,0.8,8.470329e-13,0.8,0.8,0.0,0.7999377
4.9001e-07,0.8,0.08,0.8,0.8,0.0,0.8000059
4.9003e-07,0.8,0.24,0.8,0.8,0.0,0.8001176
4.9007e-07,0.8,0.56,0.8,0.8,0.0,0.8001546
4.901e-07,0.8,0.8,0.8,0.8,0.0,0.7999567
4.90108e-07,0.8,0.8,0.8,0.8,0.0,0.7998662
4.90124e-07,0.8,0.8,0.8,0.8,0.0,0.7997269
4.90156e-07,0.8,0.8,0.8,0.8,0.0,0.7996578
4.9022e-07,0.8,0.8,0.8,0.8,0.0,0.7997978
4.90348e-07,0.8,0.8,0.8,0.8,0.0,0.7999738
4.905895e-07,0.8,0.8,0.8,0.8,0.0,0.7999308
4.908736e-07,0.8,0.8,0.8,0.8,0.0,0.7999291
4.914417e-07,0.8,0.8,0.8,0.8,0.0,0.7999234
4.92578e-07,0.8,0.8,0.8,0.8,0.0,0.7999269
4.948506e-07,0.8,0.8,0.8,0.8,0.0,0.7999248
4.951e-07,0.8,0.8,0.8,0.8,0.0,0.7999258
4.9511e-07,0.8,0.72,0.8,0.8,0.0,0.7998919
4.9513e-07,0.8,0.56,0.8,0.8,0.0,0.7998092
4.9517e-07,0.8,0.24,0.8,0.8,0.0,0.7996925
4.952e-07,0.8,2.641221e-13,0.8,0.8,0.0,0.7997274
4.95208e-07,0.8,0.0,0.8,0.8,0.0,0.7998162
4.95224e-07,0.8,0.0,0.8,0.8,0.0,0.7999546
4.95256e-07,0.8,0.0,0.8,0.8,0.0,0.8000762
4.9532e-07,0.8,0.0,0.8,0.8,0.0,0.8000753
4.95448e-07,0.8,0.0,0.8,0.8,0.0,0.7999615
4.95704e-07,0.8,0.0,0.8,0.8,0.0,0.7998908
4.96216e-07,0.8,0.0,0.8,0.8,0.0,0.7999247
4.9724e-07,0.8,0.0,0.8,0.8,0.0,0.7999307
4.986545e-07,0.8,0.0,0.8,0.8,0.0,0.7999211
5e-07,0.8,0.0,0.8,0.8,0.0,0.79993
